SiteName,Longitude,Latitude
BB01,-77.446536,39.643737
BB02,-77.44648,39.641782
BB03,-77.448005,39.640335
BB04,-77.449067,39.639168
BB05,-77.449494,39.63738
BB06,-77.450291,39.635764
BB07,-77.45067,39.633912
BM01,-77.493563,39.635788
BM02,-77.491437,39.637653
BM03,-77.489134,39.637433
BM04,-77.487332,39.636846
BM05,-77.485035,39.636664
BM06,-77.48264,39.636372
BM07,-77.478734,39.634851
BM08,-77.477168,39.63372
BM09,-77.47515,39.632681
BM10,-77.473217,39.631709
BM11,-77.470104,39.631602
BM12,-77.468719,39.631699
BM13,-77.466745,39.631681
BM14,-77.464964,39.630409
BM15,-77.463069,39.6297
OA01,-77.484622,39.651556
OA02,-77.48607,39.652315
OB01,-77.498204,39.661095
OB02,-77.495371,39.660712
OB04,-77.491326,39.659975
OB05,-77.489405,39.659287
OB06,-77.487423,39.658451
OB07,-77.485018,39.658364
OC01,-77.478914,39.656803
OC02,-77.48048,39.658342
OC03,-77.481967,39.659412
OC04,-77.482099,39.66039
OD02,-77.483142,39.671004
OD03,-77.480316,39.671869
OD03sp,-77.480644,39.671146
OD04,-77.478172,39.672139
OM01,-77.49198,39.651099
OM02,-77.48914,39.651126
OM03,-77.487748,39.652588
OM04,-77.487738,39.653559
OM05,-77.487549,39.654833
OM06,-77.486756,39.656504
OM07a,-77.486348,39.657189
OM07b,-77.484968,39.657902
OM08,-77.484398,39.658452
OM09,-77.483034,39.659945
OM10,-77.481772,39.660755
OM11,-77.481097,39.661814
OM12,-77.480524,39.663377
OM13,-77.480067,39.665042
OM14,-77.47887,39.666484
OM15,-77.478875,39.668309
OM16,-77.478563,39.669538
OM17,-77.477978,39.670889
OM18,-77.477385,39.672244
OM19,-77.477482,39.673091
