Date,Time,Watershed,ReachID,Effort,Species,Length,Weight,Count
7/28/2015,10:00 AM,Big Hunting,FBB01,823,COCA,,,9
7/28/2015,10:00 AM,Big Hunting,FBB01,823,ETFL,,,4
7/28/2015,10:00 AM,Big Hunting,FBB01,823,RHAT,,,90
7/28/2015,10:00 AM,Big Hunting,FBB01,823,RHCA,,,1
7/28/2015,10:00 AM,Big Hunting,FBB01,823,SATR,234,122.7,
7/28/2015,10:00 AM,Big Hunting,FBB01,823,SATR,66,3.1,
7/28/2015,10:00 AM,Big Hunting,FBB01,823,SATR,71,3.3,
7/28/2015,10:00 AM,Big Hunting,FBB01,823,SATR,66,2.6,
7/28/2015,10:00 AM,Big Hunting,FBB01,823,SATR,65,2.5,
7/28/2015,10:00 AM,Big Hunting,FBB01,823,SATR,66,2.5,
7/28/2015,10:00 AM,Big Hunting,FBB01,823,SATR,62,2.3,
7/28/2015,10:00 AM,Big Hunting,FBB01,823,SATR,54,1.4,
7/28/2015,10:00 AM,Big Hunting,FBB01,823,SATR,55,1.4,
7/28/2015,10:00 AM,Big Hunting,FBB01,823,SATR,52,1.2,
7/28/2015,10:00 AM,Big Hunting,FBB01,823,SATR,53,1.2,
7/28/2015,10:30 AM,Big Hunting,FBB02,698,COCA,,,8
7/28/2015,10:30 AM,Big Hunting,FBB02,698,RHAT,,,113
7/28/2015,10:30 AM,Big Hunting,FBB02,698,SATR,175,52.8,
7/28/2015,10:30 AM,Big Hunting,FBB03,880,COCA,,,42
7/28/2015,11:00 AM,Big Hunting,FBB03,880,RHAT,,,166
7/28/2015,10:30 AM,Big Hunting,FBB03,880,SATR,318,316.5,
7/28/2015,10:30 AM,Big Hunting,FBB03,880,SATR,256,165,
7/28/2015,10:30 AM,Big Hunting,FBB03,880,SATR,55,1.2,
7/28/2015,12:30 PM,Big Hunting,FBB04,992,COCA,,,34
7/28/2015,12:30 PM,Big Hunting,FBB04,992,RHAT,,,193
7/28/2015,12:30 PM,Big Hunting,FBB04,992,SATR,275,213.9,
7/28/2015,12:30 PM,Big Hunting,FBB04,992,SATR,74,3.9,
7/28/2015,12:30 PM,Big Hunting,FBB04,992,SATR,70,3.2,
7/28/2015,12:30 PM,Big Hunting,FBB04,992,SATR,69,3,
7/28/2015,12:30 PM,Big Hunting,FBB04,992,SATR,59,2.3,
7/28/2015,12:30 PM,Big Hunting,FBB04,992,SATR,65,2.5,
7/28/2015,12:30 PM,Big Hunting,FBB04,992,SATR,63,2.3,
7/28/2015,12:30 PM,Big Hunting,FBB04,992,SATR,61,2,
7/28/2015,12:30 PM,Big Hunting,FBB04,992,SATR,57,1.7,
7/28/2015,1:00 PM,Big Hunting,FBB05,960,COCA,,,14
7/28/2015,1:00 PM,Big Hunting,FBB05,960,RHAT,,,237
7/28/2015,1:00 PM,Big Hunting,FBB05,960,SATR,267,196.3,
7/28/2015,1:00 PM,Big Hunting,FBB05,960,SATR,68,3.1,
7/28/2015,1:00 PM,Big Hunting,FBB05,960,SATR,62,2.8,
7/28/2015,1:00 PM,Big Hunting,FBB05,960,SATR,67,2.7,
7/28/2015,1:00 PM,Big Hunting,FBB05,960,SATR,60,2.4,
7/28/2015,1:00 PM,Big Hunting,FBB05,960,SATR,65,2.5,
7/28/2015,1:00 PM,Big Hunting,FBB05,960,SATR,62,2.1,
7/28/2015,1:00 PM,Big Hunting,FBB05,960,SATR,57,1.8,
7/28/2015,1:00 PM,Big Hunting,FBB05,960,SATR,50,1.2,
7/28/2015,1:00 PM,Big Hunting,FBB06,735,COCA,,,25
7/28/2015,1:00 PM,Big Hunting,FBB06,735,RHAT,,,189
7/28/2015,1:00 PM,Big Hunting,FBB06,735,SATR,195,85.9,
7/28/2015,2:45 PM,Big Hunting,FBB07,594,COCA,,,13
7/28/2015,2:45 PM,Big Hunting,FBB07,594,RHAT,,,141
7/28/2015,2:45 PM,Big Hunting,FBB07,594,SATR,75,3.7,
7/29/2015,10:00 AM,Big Hunting,FBB08,616,RHAT,,,182
7/29/2015,10:40 AM,Big Hunting,FBB09,456,RHAT,,,150
7/29/2015,12:15 PM,Big Hunting,FBB10,399,RHAT,,,102
7/29/2015,12:47 PM,Big Hunting,FBB11,250,RHAT,,,35
7/29/2015,1:15 PM,Big Hunting,FBB12,143,SATR,240,152.3,
7/23/2015,10:30 AM,Big Hunting,FBM01,1460,RHAT,,,318
7/23/2015,10:30 AM,Big Hunting,FBM01,1460,SAFO,150,37.3,
7/23/2015,10:30 AM,Big Hunting,FBM01,1460,SAFO,140,24.7,
7/23/2015,10:30 AM,Big Hunting,FBM01,1460,SAFO,80,5.1,
7/23/2015,10:30 AM,Big Hunting,FBM01,1460,SAFO,70,3.4,
7/23/2015,10:30 AM,Big Hunting,FBM01,1460,SAFO,64,2.9,
7/23/2015,10:30 AM,Big Hunting,FBM01,1460,SEAT,,,3
7/23/2015,11:45 AM,Big Hunting,FBM02,1960,LEMA,,,1
7/23/2015,11:45 AM,Big Hunting,FBM02,1960,RHAT,,,315
7/23/2015,11:45 AM,Big Hunting,FBM02,1960,SAFO,143,31.1,
7/23/2015,11:45 AM,Big Hunting,FBM02,1960,SAFO,63,2.8,
7/23/2015,11:45 AM,Big Hunting,FBM02,1960,SEAT,,,4
7/23/2015,2:00 PM,Big Hunting,FBM03,1731,RHAT,,,423
7/23/2015,2:00 PM,Big Hunting,FBM03,1731,SAFO,175,50.8,
7/23/2015,2:00 PM,Big Hunting,FBM03,1731,SAFO,164,40.1,
7/23/2015,2:00 PM,Big Hunting,FBM03,1731,SAFO,79,4.6,
7/23/2015,2:00 PM,Big Hunting,FBM03,1731,SAFO,56,1.8,
7/23/2015,2:00 PM,Big Hunting,FBM03,1731,SATR,213,102.8,
7/23/2015,2:00 PM,Big Hunting,FBM03,1731,SATR,214,96.8,
7/23/2015,2:00 PM,Big Hunting,FBM03,1731,SEAT,,,4
7/27/2015,10:30 AM,Big Hunting,FBM04,1853,AMNA,,,1
7/27/2015,10:30 AM,Big Hunting,FBM04,1853,LEMA,,,4
7/27/2015,10:30 AM,Big Hunting,FBM04,1853,MISA,,,2
7/27/2015,10:30 AM,Big Hunting,FBM04,1853,RHAT,,,267
7/27/2015,10:30 AM,Big Hunting,FBM04,1853,SAFO,170,46.4,
7/27/2015,10:30 AM,Big Hunting,FBM04,1853,SAFO,170,44.5,
7/27/2015,10:30 AM,Big Hunting,FBM04,1853,SAFO,154,35.8,
7/27/2015,10:30 AM,Big Hunting,FBM04,1853,SAFO,148,31.5,
7/27/2015,10:30 AM,Big Hunting,FBM04,1853,SAFO,140,22.9,
7/27/2015,10:30 AM,Big Hunting,FBM04,1853,SAFO,68,2.9,
7/27/2015,10:30 AM,Big Hunting,FBM04,1853,SATR,240,140.4,
7/27/2015,10:30 AM,Big Hunting,FBM04,1853,SATR,231,132.5,
7/27/2015,10:30 AM,Big Hunting,FBM04,1853,SATR,217,118.9,
7/27/2015,10:30 AM,Big Hunting,FBM04,1853,SATR,220,112.3,
7/27/2015,10:30 AM,Big Hunting,FBM04,1853,SATR,208,94.3,
7/27/2015,10:30 AM,Big Hunting,FBM04,1853,SEAT,,,23
7/27/2015,11:30 AM,Big Hunting,FBM05,2374,LEMA,,,1
7/27/2015,11:30 AM,Big Hunting,FBM05,2374,RHAT,,,264
7/27/2015,11:30 AM,Big Hunting,FBM05,2374,SAFO,210,101,
7/27/2015,11:30 AM,Big Hunting,FBM05,2374,SAFO,168,41.8,
7/27/2015,11:30 AM,Big Hunting,FBM05,2374,SAFO,146,32.5,
7/27/2015,11:30 AM,Big Hunting,FBM05,2374,SAFO,60,2.3,
7/27/2015,11:30 AM,Big Hunting,FBM05,2374,SATR,298,290.6,
7/27/2015,11:30 AM,Big Hunting,FBM05,2374,SEAT,,,5
7/27/2015,2:00 PM,Big Hunting,FBM06,1727,RHAT,,,341
7/27/2015,2:00 PM,Big Hunting,FBM06,1727,SAFO,134,20.8,
7/27/2015,2:00 PM,Big Hunting,FBM06,1727,SATR,209,104.7,
7/27/2015,2:00 PM,Big Hunting,FBM06,1727,SATR,219,12.1,
7/27/2015,2:00 PM,Big Hunting,FBM06,1727,SEAT,,,62
7/13/2015,10:30 AM,Owens,FOA01,591,COCA,,,28
7/13/2015,10:30 AM,Owens,FOA01,591,RHAT,,,106
7/13/2015,11:00 AM,Owens,FOA02,624,COCA,,,9
7/13/2015,11:00 AM,Owens,FOA02,624,RHAT,,,35
7/13/2015,11:00 AM,Owens,FOA02,624,SAFO,65,3.3,
7/13/2015,11:00 AM,Owens,FOA02,624,SAFO,67,3.4,
7/6/2015,11:00 AM,Owens,FOB01,1066,CLFU,,,1
7/6/2015,11:00 AM,Owens,FOB01,1066,COCA,,,82
7/6/2015,11:00 AM,Owens,FOB01,1066,ETFL,,,2
7/6/2015,11:00 AM,Owens,FOB01,1066,RHAT,,,43
7/6/2015,11:00 AM,Owens,FOB01,1066,RHCA,,,3
7/6/2015,11:00 AM,Owens,FOB01,1066,SAFO,196,86.6,
7/6/2015,11:00 AM,Owens,FOB01,1066,SAFO,185,69,
7/6/2015,11:00 AM,Owens,FOB01,1066,SAFO,154,37.1,
7/6/2015,11:00 AM,Owens,FOB01,1066,SAFO,160,37.6,
7/6/2015,11:00 AM,Owens,FOB01,1066,SAFO,147,33.8,
7/6/2015,11:00 AM,Owens,FOB01,1066,SAFO,138,24.2,
7/6/2015,11:00 AM,Owens,FOB01,1066,SAFO,64,2.7,
7/6/2015,11:00 AM,Owens,FOB01,1066,SAFO,67,2.8,
7/6/2015,11:00 AM,Owens,FOB01,1066,SAFO,68,2.8,
7/6/2015,11:00 AM,Owens,FOB01,1066,SAFO,66,2.7,
7/6/2015,11:00 AM,Owens,FOB01,1066,SAFO,64,2.6,
7/6/2015,11:00 AM,Owens,FOB01,1066,SAFO,60,2.4,
7/6/2015,11:00 AM,Owens,FOB01,1066,SAFO,60,2.3,
7/6/2015,11:00 AM,Owens,FOB01,1066,SAFO,62,2.3,
7/6/2015,11:00 AM,Owens,FOB01,1066,SAFO,59,2,
7/6/2015,11:00 AM,Owens,FOB01,1066,SAFO,54,1.8,
7/6/2015,11:00 AM,Owens,FOB01,1066,SAFO,58,1.9,
7/6/2015,11:00 AM,Owens,FOB01,1066,SAFO,55,1.6,
7/6/2015,11:00 AM,Owens,FOB01,1066,SAFO,55,1.5,
7/6/2015,11:00 AM,Owens,FOB01,1066,SEAT,,,3
7/6/2015,12:00 PM,Owens,FOB02,1268,CLFU,,,1
7/6/2015,12:00 PM,Owens,FOB02,1268,COCA,,,65
7/6/2015,12:00 PM,Owens,FOB02,1268,RHAT,,,24
7/6/2015,12:00 PM,Owens,FOB02,1268,RHCA,,,5
7/6/2015,12:00 PM,Owens,FOB02,1268,SAFO,198,82,
7/6/2015,12:00 PM,Owens,FOB02,1268,SAFO,179,58.7,
7/6/2015,12:00 PM,Owens,FOB02,1268,SAFO,170,49.4,
7/6/2015,12:00 PM,Owens,FOB02,1268,SAFO,151,36.6,
7/6/2015,12:00 PM,Owens,FOB02,1268,SAFO,151,36.6,
7/6/2015,12:00 PM,Owens,FOB02,1268,SAFO,142,28.4,
7/6/2015,12:00 PM,Owens,FOB02,1268,SAFO,135,26.3,
7/6/2015,12:00 PM,Owens,FOB02,1268,SAFO,130,20.2,
7/6/2015,12:00 PM,Owens,FOB02,1268,SAFO,126,19.1,
7/6/2015,12:00 PM,Owens,FOB02,1268,SAFO,117,15.2,
7/6/2015,12:00 PM,Owens,FOB02,1268,SAFO,76,4.6,
7/6/2015,12:00 PM,Owens,FOB02,1268,SAFO,74,4.2,
7/6/2015,12:00 PM,Owens,FOB02,1268,SAFO,68,3.5,
7/6/2015,12:00 PM,Owens,FOB02,1268,SAFO,72,3.6,
7/6/2015,12:00 PM,Owens,FOB02,1268,SAFO,69,3.3,
7/6/2015,12:00 PM,Owens,FOB02,1268,SAFO,70,3.3,
7/6/2015,12:00 PM,Owens,FOB02,1268,SAFO,70,3.3,
7/6/2015,12:00 PM,Owens,FOB02,1268,SAFO,68,3.2,
7/6/2015,12:00 PM,Owens,FOB02,1268,SAFO,70,3.2,
7/6/2015,12:00 PM,Owens,FOB02,1268,SAFO,66,3,
7/6/2015,12:00 PM,Owens,FOB02,1268,SAFO,71,3.2,
7/6/2015,12:00 PM,Owens,FOB02,1268,SAFO,71,3.2,
7/6/2015,12:00 PM,Owens,FOB02,1268,SAFO,66,2.9,
7/6/2015,12:00 PM,Owens,FOB02,1268,SAFO,66,2.9,
7/6/2015,12:00 PM,Owens,FOB02,1268,SAFO,62,2.4,
7/6/2015,12:00 PM,Owens,FOB02,1268,SAFO,64,2.3,
7/6/2015,12:00 PM,Owens,FOB02,1268,SAFO,61,2,
7/6/2015,12:00 PM,Owens,FOB02,1268,SAFO,57,1.7,
7/6/2015,12:00 PM,Owens,FOB02,1268,SAFO,57,1,
7/6/2015,12:00 PM,Owens,FOB02,1268,SEAT,,,1
7/6/2015,3:00 PM,Owens,FOB03,1661,COCA,,,91
7/6/2015,3:00 PM,Owens,FOB03,1661,ETFL,,,1
7/6/2015,3:00 PM,Owens,FOB03,1661,RHAT,,,40
7/6/2015,3:00 PM,Owens,FOB03,1661,RHCA,,,3
7/6/2015,3:00 PM,Owens,FOB03,1661,SAFO,154,36.2,
7/6/2015,3:00 PM,Owens,FOB03,1661,SAFO,142,29.3,
7/6/2015,3:00 PM,Owens,FOB03,1661,SAFO,139,25.5,
7/6/2015,3:00 PM,Owens,FOB03,1661,SAFO,134,22.1,
7/6/2015,3:00 PM,Owens,FOB03,1661,SAFO,120,16.1,
7/6/2015,3:00 PM,Owens,FOB03,1661,SAFO,71,3.6,
7/6/2015,3:00 PM,Owens,FOB03,1661,SAFO,71,3.5,
7/6/2015,3:00 PM,Owens,FOB03,1661,SAFO,69,3.4,
7/6/2015,3:00 PM,Owens,FOB03,1661,SAFO,65,3.2,
7/6/2015,3:00 PM,Owens,FOB03,1661,SAFO,65,3.2,
7/6/2015,3:00 PM,Owens,FOB03,1661,SAFO,68,3.3,
7/6/2015,3:00 PM,Owens,FOB03,1661,SAFO,69,3.3,
7/6/2015,3:00 PM,Owens,FOB03,1661,SAFO,67,3.2,
7/6/2015,3:00 PM,Owens,FOB03,1661,SAFO,67,3.1,
7/6/2015,3:00 PM,Owens,FOB03,1661,SAFO,66,2.9,
7/6/2015,3:00 PM,Owens,FOB03,1661,SAFO,71,3.1,
7/6/2015,3:00 PM,Owens,FOB03,1661,SAFO,65,2.6,
7/6/2015,3:00 PM,Owens,FOB03,1661,SAFO,67,2.6,
7/6/2015,3:00 PM,Owens,FOB03,1661,SAFO,62,2.2,
7/7/2015,10:00 AM,Owens,FOB04,1411,COCA,,,103
7/7/2015,10:00 AM,Owens,FOB04,1411,RHAT,,,54
7/7/2015,10:00 AM,Owens,FOB04,1411,RHCA,,,4
7/7/2015,10:00 AM,Owens,FOB04,1411,SAFO,198,89.6,
7/7/2015,10:00 AM,Owens,FOB04,1411,SAFO,189,72,
7/7/2015,10:00 AM,Owens,FOB04,1411,SAFO,146,33.9,
7/7/2015,10:00 AM,Owens,FOB04,1411,SAFO,117,15.3,
7/7/2015,10:00 AM,Owens,FOB04,1411,SAFO,78,5.6,
7/7/2015,10:00 AM,Owens,FOB04,1411,SAFO,75,5.2,
7/7/2015,10:00 AM,Owens,FOB04,1411,SAFO,67,3.7,
7/7/2015,10:00 AM,Owens,FOB04,1411,SAFO,75,4,
7/7/2015,10:00 AM,Owens,FOB04,1411,SAFO,65,3.2,
7/7/2015,10:00 AM,Owens,FOB04,1411,SAFO,65,3.2,
7/7/2015,10:00 AM,Owens,FOB04,1411,SAFO,66,3.2,
7/7/2015,10:00 AM,Owens,FOB04,1411,SAFO,66,3,
7/7/2015,10:00 AM,Owens,FOB04,1411,SAFO,63,2.2,
7/7/2015,11:30 AM,Owens,FOB05,1295,COCA,,,44
7/7/2015,11:30 AM,Owens,FOB05,1295,RHAT,,,59
7/7/2015,11:30 AM,Owens,FOB05,1295,RHCA,,,4
7/7/2015,11:30 AM,Owens,FOB05,1295,SAFO,195,86.6,
7/7/2015,11:30 AM,Owens,FOB05,1295,SAFO,172,55.2,
7/7/2015,11:30 AM,Owens,FOB05,1295,SAFO,161,42.2,
7/7/2015,11:30 AM,Owens,FOB05,1295,SAFO,145,31.3,
7/7/2015,11:30 AM,Owens,FOB05,1295,SAFO,133,23.6,
7/7/2015,11:30 AM,Owens,FOB05,1295,SAFO,137,23.9,
7/7/2015,11:30 AM,Owens,FOB05,1295,SAFO,126,19.3,
7/7/2015,11:30 AM,Owens,FOB05,1295,SAFO,82,5.9,
7/7/2015,11:30 AM,Owens,FOB05,1295,SAFO,80,5.4,
7/7/2015,11:30 AM,Owens,FOB05,1295,SAFO,75,4.4,
7/7/2015,11:30 AM,Owens,FOB05,1295,SAFO,70,3.7,
7/7/2015,11:30 AM,Owens,FOB05,1295,SAFO,74,3.9,
7/7/2015,11:30 AM,Owens,FOB05,1295,SAFO,71,3.6,
7/7/2015,11:30 AM,Owens,FOB05,1295,SAFO,71,3.4,
7/7/2015,11:30 AM,Owens,FOB05,1295,SAFO,64,2.5,
7/7/2015,1:30 PM,Owens,FOB06,1053,COCA,,,34
7/7/2015,1:30 PM,Owens,FOB06,1053,RHAT,,,42
7/7/2015,1:30 PM,Owens,FOB06,1053,RHCA,,,4
7/7/2015,1:30 PM,Owens,FOB06,1053,SAFO,185,72.8,
7/7/2015,1:30 PM,Owens,FOB06,1053,SAFO,183,65,
7/7/2015,1:30 PM,Owens,FOB06,1053,SAFO,184,63.7,
7/7/2015,1:30 PM,Owens,FOB06,1053,SAFO,165,48.7,
7/7/2015,1:30 PM,Owens,FOB06,1053,SAFO,150,35.5,
7/7/2015,1:30 PM,Owens,FOB06,1053,SAFO,129,21.1,
7/7/2015,1:30 PM,Owens,FOB06,1053,SAFO,74,5.4,
7/7/2015,1:30 PM,Owens,FOB06,1053,SAFO,80,5.4,
7/7/2015,1:30 PM,Owens,FOB06,1053,SAFO,70,3.8,
7/7/2015,1:30 PM,Owens,FOB06,1053,SAFO,75,4,
7/7/2015,1:30 PM,Owens,FOB06,1053,SAFO,68,3.6,
7/7/2015,2:30 PM,Owens,FOB07,477,COCA,,,7
7/7/2015,2:30 PM,Owens,FOB07,477,RHAT,,,14
7/7/2015,2:30 PM,Owens,FOB07,477,SAFO,155,46.5,
7/7/2015,2:30 PM,Owens,FOB07,477,SAFO,75,5.1,
7/7/2015,2:30 PM,Owens,FOB07,477,SAFO,75,4.1,
7/7/2015,2:30 PM,Owens,FOB07,477,SAFO,64,3.2,
7/14/2015,1:40 PM,Owens,FOC01,1275,COCA,,,60
7/14/2015,1:40 PM,Owens,FOC01,1275,COGI,,,1
7/14/2015,1:40 PM,Owens,FOC01,1275,RHAT,,,23
7/14/2015,1:40 PM,Owens,FOC01,1275,SAFO,140,33.2,
7/14/2015,1:40 PM,Owens,FOC01,1275,SAFO,125,19.4,
7/14/2015,1:40 PM,Owens,FOC01,1275,SAFO,124,18.3,
7/14/2015,1:40 PM,Owens,FOC01,1275,SAFO,104,11.6,
7/14/2015,1:40 PM,Owens,FOC01,1275,SAFO,100,9.1,
7/14/2015,1:40 PM,Owens,FOC01,1275,SAFO,99,8.5,
7/14/2015,1:40 PM,Owens,FOC01,1275,SAFO,73,4.1,
7/14/2015,1:40 PM,Owens,FOC01,1275,SAFO,71,3.9,
7/14/2015,1:40 PM,Owens,FOC01,1275,SAFO,72,3.6,
7/14/2015,1:40 PM,Owens,FOC01,1275,SAFO,64,3.2,
7/14/2015,1:40 PM,Owens,FOC01,1275,SAFO,71,3.5,
7/14/2015,1:40 PM,Owens,FOC01,1275,SAFO,69,3.4,
7/14/2015,1:40 PM,Owens,FOC01,1275,SAFO,74,3.6,
7/14/2015,1:40 PM,Owens,FOC01,1275,SAFO,70,3.4,
7/14/2015,1:40 PM,Owens,FOC01,1275,SAFO,67,3,
7/14/2015,1:40 PM,Owens,FOC01,1275,SAFO,65,2.9,
7/14/2015,1:40 PM,Owens,FOC01,1275,SAFO,68,3,
7/14/2015,1:40 PM,Owens,FOC01,1275,SAFO,71,3.1,
7/14/2015,1:40 PM,Owens,FOC01,1275,SAFO,62,2.7,
7/14/2015,1:40 PM,Owens,FOC01,1275,SAFO,69,2.9,
7/14/2015,1:40 PM,Owens,FOC01,1275,SAFO,65,2.7,
7/14/2015,1:40 PM,Owens,FOC01,1275,SAFO,66,2.7,
7/14/2015,1:40 PM,Owens,FOC01,1275,SAFO,66,2.7,
7/14/2015,1:40 PM,Owens,FOC01,1275,SAFO,64,2.6,
7/14/2015,1:40 PM,Owens,FOC01,1275,SAFO,62,2.5,
7/14/2015,1:40 PM,Owens,FOC01,1275,SAFO,63,2.5,
7/14/2015,1:40 PM,Owens,FOC01,1275,SAFO,62,2.4,
7/14/2015,1:40 PM,Owens,FOC01,1275,SAFO,62,2.4,
7/14/2015,1:40 PM,Owens,FOC01,1275,SAFO,63,2.4,
7/14/2015,1:40 PM,Owens,FOC01,1275,SAFO,63,2.4,
7/14/2015,1:40 PM,Owens,FOC01,1275,SAFO,62,2.3,
7/14/2015,1:40 PM,Owens,FOC01,1275,SAFO,62,2.3,
7/14/2015,1:40 PM,Owens,FOC01,1275,SAFO,65,2.4,
7/14/2015,1:40 PM,Owens,FOC01,1275,SAFO,60,2.2,
7/14/2015,1:40 PM,Owens,FOC01,1275,SAFO,63,2.3,
7/14/2015,1:40 PM,Owens,FOC01,1275,SAFO,63,2.3,
7/14/2015,1:40 PM,Owens,FOC01,1275,SAFO,62,2.2,
7/14/2015,1:40 PM,Owens,FOC01,1275,SAFO,60,2.1,
7/14/2015,1:40 PM,Owens,FOC01,1275,SAFO,63,2.1,
7/14/2015,1:40 PM,Owens,FOC01,1275,SAFO,60,2,
7/14/2015,1:40 PM,Owens,FOC01,1275,SAFO,57,1.9,
7/14/2015,1:40 PM,Owens,FOC01,1275,SAFO,57,1.9,
7/14/2015,1:40 PM,Owens,FOC01,1275,SAFO,58,1.9,
7/14/2015,1:40 PM,Owens,FOC01,1275,SAFO,55,1.8,
7/14/2015,1:40 PM,Owens,FOC01,1275,SAFO,56,1.8,
7/14/2015,1:40 PM,Owens,FOC01,1275,SAFO,58,1.8,
7/14/2015,1:40 PM,Owens,FOC01,1275,SAFO,59,1.8,
7/14/2015,1:40 PM,Owens,FOC01,1275,SAFO,59,1.8,
7/14/2015,1:40 PM,Owens,FOC01,1275,SAFO,57,1.7,
7/14/2015,1:40 PM,Owens,FOC01,1275,SAFO,54,1.6,
7/14/2015,1:40 PM,Owens,FOC01,1275,SAFO,54,1.6,
7/14/2015,1:40 PM,Owens,FOC01,1275,SAFO,58,1.7,
7/14/2015,1:40 PM,Owens,FOC01,1275,SAFO,55,1.6,
7/14/2015,1:40 PM,Owens,FOC01,1275,SAFO,59,1.7,
7/14/2015,1:40 PM,Owens,FOC01,1275,SAFO,56,1.6,
7/14/2015,1:40 PM,Owens,FOC01,1275,SAFO,55,1.5,
7/14/2015,1:40 PM,Owens,FOC01,1275,SAFO,56,1.4,
7/14/2015,1:40 PM,Owens,FOC01,1275,SAFO,49,1.2,
7/14/2015,1:40 PM,Owens,FOC01,1275,SAFO,45,1,
7/14/2015,1:40 PM,Owens,FOC01,1275,SAFO,46,0.9,
7/14/2015,1:40 PM,Owens,FOC01,1275,SAFO,62,1.2,
7/14/2015,1:40 PM,Owens,FOC01,1275,SAFO,47,0.9,
7/14/2015,1:40 PM,Owens,FOC01,1275,SAFO,48,0.9,
7/14/2015,1:40 PM,Owens,FOC01,1275,SAFO,43,0.7,
7/14/2015,3:00 PM,Owens,FOC02,1030,COCA,,,42
7/14/2015,3:00 PM,Owens,FOC02,1030,COGI,,,1
7/14/2015,3:00 PM,Owens,FOC02,1030,RHAT,,,6
7/14/2015,3:00 PM,Owens,FOC02,1030,RHCA,,,1
7/14/2015,3:00 PM,Owens,FOC02,1030,SAFO,207,104.8,
7/14/2015,3:00 PM,Owens,FOC02,1030,SAFO,196,71.5,
7/14/2015,3:00 PM,Owens,FOC02,1030,SAFO,144,30.9,
7/14/2015,3:00 PM,Owens,FOC02,1030,SAFO,142,25.2,
7/14/2015,3:00 PM,Owens,FOC02,1030,SAFO,128,21.8,
7/14/2015,3:00 PM,Owens,FOC02,1030,SAFO,143,24.3,
7/14/2015,3:00 PM,Owens,FOC02,1030,SAFO,120,19.3,
7/14/2015,3:00 PM,Owens,FOC02,1030,SAFO,110,14.5,
7/14/2015,3:00 PM,Owens,FOC02,1030,SAFO,105,13,
7/14/2015,3:00 PM,Owens,FOC02,1030,SAFO,110,12.8,
7/14/2015,3:00 PM,Owens,FOC02,1030,SAFO,77,4.9,
7/14/2015,3:00 PM,Owens,FOC02,1030,SAFO,74,4.4,
7/14/2015,3:00 PM,Owens,FOC02,1030,SAFO,71,4.1,
7/14/2015,3:00 PM,Owens,FOC02,1030,SAFO,72,4,
7/14/2015,3:00 PM,Owens,FOC02,1030,SAFO,76,4.2,
7/14/2015,3:00 PM,Owens,FOC02,1030,SAFO,68,3.7,
7/14/2015,3:00 PM,Owens,FOC02,1030,SAFO,71,3.8,
7/14/2015,3:00 PM,Owens,FOC02,1030,SAFO,68,3.6,
7/14/2015,3:00 PM,Owens,FOC02,1030,SAFO,68,3.6,
7/14/2015,3:00 PM,Owens,FOC02,1030,SAFO,67,3.5,
7/14/2015,3:00 PM,Owens,FOC02,1030,SAFO,70,3.6,
7/14/2015,3:00 PM,Owens,FOC02,1030,SAFO,65,3.3,
7/14/2015,3:00 PM,Owens,FOC02,1030,SAFO,67,3.4,
7/14/2015,3:00 PM,Owens,FOC02,1030,SAFO,70,3.5,
7/14/2015,3:00 PM,Owens,FOC02,1030,SAFO,75,3.7,
7/14/2015,3:00 PM,Owens,FOC02,1030,SAFO,67,3.3,
7/14/2015,3:00 PM,Owens,FOC02,1030,SAFO,71,3.4,
7/14/2015,3:00 PM,Owens,FOC02,1030,SAFO,69,3.3,
7/14/2015,3:00 PM,Owens,FOC02,1030,SAFO,65,3.1,
7/14/2015,3:00 PM,Owens,FOC02,1030,SAFO,72,3.4,
7/14/2015,3:00 PM,Owens,FOC02,1030,SAFO,64,3,
7/14/2015,3:00 PM,Owens,FOC02,1030,SAFO,62,2.9,
7/14/2015,3:00 PM,Owens,FOC02,1030,SAFO,69,3.2,
7/14/2015,3:00 PM,Owens,FOC02,1030,SAFO,69,3.2,
7/14/2015,3:00 PM,Owens,FOC02,1030,SAFO,68,3.1,
7/14/2015,3:00 PM,Owens,FOC02,1030,SAFO,66,3,
7/14/2015,3:00 PM,Owens,FOC02,1030,SAFO,66,3,
7/14/2015,3:00 PM,Owens,FOC02,1030,SAFO,66,3,
7/14/2015,3:00 PM,Owens,FOC02,1030,SAFO,66,3,
7/14/2015,3:00 PM,Owens,FOC02,1030,SAFO,53,2.4,
7/14/2015,3:00 PM,Owens,FOC02,1030,SAFO,62,2.8,
7/14/2015,3:00 PM,Owens,FOC02,1030,SAFO,69,3.1,
7/14/2015,3:00 PM,Owens,FOC02,1030,SAFO,69,3.1,
7/14/2015,3:00 PM,Owens,FOC02,1030,SAFO,67,2.9,
7/14/2015,3:00 PM,Owens,FOC02,1030,SAFO,65,2.7,
7/14/2015,3:00 PM,Owens,FOC02,1030,SAFO,64,2.6,
7/14/2015,3:00 PM,Owens,FOC02,1030,SAFO,66,2.6,
7/14/2015,3:00 PM,Owens,FOC02,1030,SAFO,64,2.5,
7/14/2015,3:00 PM,Owens,FOC02,1030,SAFO,64,2.5,
7/14/2015,3:00 PM,Owens,FOC02,1030,SAFO,59,2.3,
7/14/2015,3:00 PM,Owens,FOC02,1030,SAFO,67,2.6,
7/14/2015,3:00 PM,Owens,FOC02,1030,SAFO,63,2.4,
7/14/2015,3:00 PM,Owens,FOC02,1030,SAFO,62,2.3,
7/14/2015,3:00 PM,Owens,FOC02,1030,SAFO,65,2.4,
7/14/2015,3:00 PM,Owens,FOC02,1030,SAFO,57,2.1,
7/14/2015,3:00 PM,Owens,FOC02,1030,SAFO,60,2.2,
7/14/2015,3:00 PM,Owens,FOC02,1030,SAFO,61,2.2,
7/14/2015,3:00 PM,Owens,FOC02,1030,SAFO,61,2.2,
7/14/2015,3:00 PM,Owens,FOC02,1030,SAFO,62,2.2,
7/14/2015,3:00 PM,Owens,FOC02,1030,SAFO,65,2.3,
7/14/2015,3:00 PM,Owens,FOC02,1030,SAFO,54,1.9,
7/14/2015,3:00 PM,Owens,FOC02,1030,SAFO,60,2.1,
7/14/2015,3:00 PM,Owens,FOC02,1030,SAFO,61,2.1,
7/14/2015,3:00 PM,Owens,FOC02,1030,SAFO,59,2,
7/14/2015,3:00 PM,Owens,FOC02,1030,SAFO,62,2.1,
7/14/2015,3:00 PM,Owens,FOC02,1030,SAFO,66,2.2,
7/14/2015,3:00 PM,Owens,FOC02,1030,SAFO,60,2,
7/14/2015,3:00 PM,Owens,FOC02,1030,SAFO,57,1.9,
7/14/2015,3:00 PM,Owens,FOC02,1030,SAFO,59,1.9,
7/14/2015,3:00 PM,Owens,FOC02,1030,SAFO,60,1.9,
7/14/2015,3:00 PM,Owens,FOC02,1030,SAFO,60,1.9,
7/14/2015,3:00 PM,Owens,FOC02,1030,SAFO,55,1.7,
7/14/2015,3:00 PM,Owens,FOC02,1030,SAFO,56,1.7,
7/14/2015,3:00 PM,Owens,FOC02,1030,SAFO,52,1.5,
7/14/2015,3:00 PM,Owens,FOC02,1030,SAFO,57,1.6,
7/14/2015,3:00 PM,Owens,FOC02,1030,SAFO,55,1.5,
7/14/2015,3:00 PM,Owens,FOC02,1030,SAFO,52,1.3,
7/15/2015,10:00 AM,Owens,FOC03,1000,RHAT,,,49
7/15/2015,10:00 AM,Owens,FOC03,1000,SAFO,214,117.5,
7/15/2015,10:00 AM,Owens,FOC03,1000,SAFO,159,47.7,
7/15/2015,10:00 AM,Owens,FOC03,1000,SAFO,157,38.1,
7/15/2015,10:00 AM,Owens,FOC03,1000,SAFO,147,34,
7/15/2015,10:00 AM,Owens,FOC03,1000,SAFO,143,31.5,
7/15/2015,10:00 AM,Owens,FOC03,1000,SAFO,139,27.1,
7/15/2015,10:00 AM,Owens,FOC03,1000,SAFO,134,25.6,
7/15/2015,10:00 AM,Owens,FOC03,1000,SAFO,133,23.2,
7/15/2015,10:00 AM,Owens,FOC03,1000,SAFO,140,23.8,
7/15/2015,10:00 AM,Owens,FOC03,1000,SAFO,125,18.2,
7/15/2015,10:00 AM,Owens,FOC03,1000,SAFO,116,13.8,
7/15/2015,10:00 AM,Owens,FOC03,1000,SAFO,84,5.8,
7/15/2015,10:00 AM,Owens,FOC03,1000,SAFO,78,5.3,
7/15/2015,10:00 AM,Owens,FOC03,1000,SAFO,74,4.7,
7/15/2015,10:00 AM,Owens,FOC03,1000,SAFO,73,4.4,
7/15/2015,10:00 AM,Owens,FOC03,1000,SAFO,72,4.2,
7/15/2015,10:00 AM,Owens,FOC03,1000,SAFO,74,4.3,
7/15/2015,10:00 AM,Owens,FOC03,1000,SAFO,71,4,
7/15/2015,10:00 AM,Owens,FOC03,1000,SAFO,70,3.9,
7/15/2015,10:00 AM,Owens,FOC03,1000,SAFO,69,3.8,
7/15/2015,10:00 AM,Owens,FOC03,1000,SAFO,67,3.5,
7/15/2015,10:00 AM,Owens,FOC03,1000,SAFO,69,3.5,
7/15/2015,10:00 AM,Owens,FOC03,1000,SAFO,69,3.1,
7/15/2015,10:00 AM,Owens,FOC03,1000,SAFO,67,3,
7/15/2015,10:00 AM,Owens,FOC03,1000,SAFO,68,2.8,
7/15/2015,10:00 AM,Owens,FOC03,1000,SAFO,65,2.6,
7/15/2015,10:00 AM,Owens,FOC03,1000,SAFO,67,2.6,
7/15/2015,10:00 AM,Owens,FOC03,1000,SAFO,58,2.1,
7/15/2015,10:00 AM,Owens,FOC03,1000,SAFO,61,2.2,
7/15/2015,10:00 AM,Owens,FOC03,1000,SAFO,64,2.2,
7/15/2015,10:00 AM,Owens,FOC03,1000,SAFO,53,1.6,
7/15/2015,10:00 AM,Owens,FOC03,1000,SAFO,57,1.7,
7/15/2015,10:00 AM,Owens,FOC03,1000,SAFO,54,1.4,
7/15/2015,11:25 AM,Owens,FOC04,337,RHAT,,,15
7/21/2015,10:00 AM,Owens,FOD01,760,CLFU,,,14
7/21/2015,10:00 AM,Owens,FOD01,760,COCA,,,27
7/21/2015,10:00 AM,Owens,FOD01,760,RHAT,,,107
7/21/2015,10:00 AM,Owens,FOD01,760,SAFO,192,82.3,
7/21/2015,10:00 AM,Owens,FOD01,760,SAFO,159,39.2,
7/21/2015,10:00 AM,Owens,FOD01,760,SAFO,74,4.1,
7/21/2015,10:00 AM,Owens,FOD01,760,SAFO,73,3.4,
7/21/2015,10:00 AM,Owens,FOD01,760,SEAT,,,1
7/21/2015,11:00 AM,Owens,FOD02,736,COCA,,,37
7/21/2015,11:00 AM,Owens,FOD02,736,RHAT,,,122
7/21/2015,11:00 AM,Owens,FOD02,736,SATR,70,3.1,
7/21/2015,12:00 PM,Owens,FOD03,1136,CLFU,,,1
7/21/2015,12:00 PM,Owens,FOD03,1136,COCA,,,51
7/21/2015,12:00 PM,Owens,FOD03,1136,RHAT,,,131
7/21/2015,12:00 PM,Owens,FOD03,1136,RHCA,,,1
7/21/2015,12:00 PM,Owens,FOD03,1136,SAFO,177,60.3,
7/21/2015,12:00 PM,Owens,FOD03,1136,SAFO,75,3.6,
7/21/2015,1:30 PM,Owens,FOD04,738,RHAT,,,205
7/21/2015,1:30 PM,Owens,FOD04,738,SAFO,76,4.1,
7/8/2015,10:00 AM,Owens,FOM01,701,COCA,,,38
7/8/2015,10:00 AM,Owens,FOM01,701,RHAT,,,87
7/8/2015,10:00 AM,Owens,FOM01,701,SAFO,66,3.2,
7/8/2015,10:00 AM,Owens,FOM01,701,SAFO,66,2.9,
7/8/2015,10:00 AM,Owens,FOM01,701,SAFO,65,2.8,
7/8/2015,10:00 AM,Owens,FOM01,701,SAFO,64,2.7,
7/8/2015,10:00 AM,Owens,FOM01,701,SAFO,62,2.5,
7/8/2015,10:00 AM,Owens,FOM01,701,SEAT,,,3
7/8/2015,11:10 AM,Owens,FOM02,1136,COCA,,,56
7/8/2015,11:10 AM,Owens,FOM02,1136,RHAT,,,180
7/8/2015,11:10 AM,Owens,FOM02,1136,SAFO,73,4,
7/8/2015,11:10 AM,Owens,FOM02,1136,SAFO,67,3.5,
7/8/2015,11:10 AM,Owens,FOM02,1136,SAFO,70,3.5,
7/8/2015,11:10 AM,Owens,FOM02,1136,SAFO,63,3,
7/8/2015,11:10 AM,Owens,FOM02,1136,SAFO,67,3.1,
7/8/2015,11:10 AM,Owens,FOM02,1136,SAFO,65,2.8,
7/8/2015,11:10 AM,Owens,FOM02,1136,SAFO,60,2.4,
7/8/2015,11:10 AM,Owens,FOM02,1136,SAFO,62,2.4,
7/8/2015,11:10 AM,Owens,FOM02,1136,SAFO,60,2.3,
7/8/2015,11:10 AM,Owens,FOM02,1136,SEAT,,,3
7/8/2015,12:55 PM,Owens,FOM03,959,CLFU,,,1
7/8/2015,12:55 PM,Owens,FOM03,959,COCA,,,103
7/8/2015,12:55 PM,Owens,FOM03,959,RHAT,,,161
7/8/2015,12:55 PM,Owens,FOM03,959,RHCA,,,2
7/8/2015,12:55 PM,Owens,FOM03,959,SAFO,166,49.2,
7/8/2015,12:55 PM,Owens,FOM03,959,SAFO,72,4,
7/8/2015,12:55 PM,Owens,FOM03,959,SAFO,65,3.6,
7/8/2015,12:55 PM,Owens,FOM03,959,SAFO,62,3,
7/8/2015,12:55 PM,Owens,FOM03,959,SAFO,65,2.9,
7/8/2015,12:55 PM,Owens,FOM03,959,SAFO,66,2.9,
7/8/2015,12:55 PM,Owens,FOM03,959,SAFO,64,2.8,
7/8/2015,12:55 PM,Owens,FOM03,959,SAFO,60,2.4,
7/8/2015,12:55 PM,Owens,FOM03,959,SAFO,62,2.4,
7/8/2015,12:55 PM,Owens,FOM03,959,SEAT,,,4
7/8/2015,1:45 PM,Owens,FOM04,1244,CLFU,,,2
7/8/2015,1:45 PM,Owens,FOM04,1244,COCA,,,95
7/8/2015,1:45 PM,Owens,FOM04,1244,ETFL,,,2
7/8/2015,1:45 PM,Owens,FOM04,1244,RHAT,,,164
7/8/2015,1:45 PM,Owens,FOM04,1244,SAFO,159,41.6,
7/8/2015,1:45 PM,Owens,FOM04,1244,SAFO,147,30.9,
7/8/2015,1:45 PM,Owens,FOM04,1244,SAFO,76,4.7,
7/8/2015,1:45 PM,Owens,FOM04,1244,SAFO,74,4.5,
7/8/2015,1:45 PM,Owens,FOM04,1244,SAFO,75,4.4,
7/8/2015,1:45 PM,Owens,FOM04,1244,SAFO,71,3.9,
7/8/2015,1:45 PM,Owens,FOM04,1244,SAFO,69,3.5,
7/8/2015,1:45 PM,Owens,FOM04,1244,SAFO,67,3.3,
7/8/2015,1:45 PM,Owens,FOM04,1244,SAFO,65,2.7,
7/8/2015,1:45 PM,Owens,FOM04,1244,SAFO,55,2.1,
7/8/2015,1:45 PM,Owens,FOM04,1244,SAFO,55,1.8,
7/8/2015,1:45 PM,Owens,FOM04,1244,SEAT,,,4
7/8/2015,1:45 PM,Owens,FOM04,1244,SEAT,,,16
7/8/2015,3:00 PM,Owens,FOM05,2003,CLFU,,,2
7/8/2015,3:00 PM,Owens,FOM05,2003,COCA,,,55
7/8/2015,3:00 PM,Owens,FOM05,2003,ETFL,,,1
7/8/2015,3:00 PM,Owens,FOM05,2003,RHAT,,,130
7/8/2015,3:00 PM,Owens,FOM05,2003,SAFO,60,2.9,
7/8/2015,3:00 PM,Owens,FOM05,2003,SEAT,,,16
7/13/2015,10:30 AM,Owens,FOM06,865,CLFU,,,3
7/13/2015,10:30 AM,Owens,FOM06,865,COCA,,,83
7/13/2015,10:30 AM,Owens,FOM06,865,ETFL,,,2
7/13/2015,12:00 PM,Owens,FOM06,865,RHAT,,,138
7/13/2015,10:30 AM,Owens,FOM06,865,SAFO,177,65.5,
7/13/2015,10:30 AM,Owens,FOM06,865,SAFO,68,3.5,
7/13/2015,10:30 AM,Owens,FOM06,865,SAFO,64,2.8,
7/13/2015,10:30 AM,Owens,FOM06,865,SEAT,,,18
7/9/2015,10:30 AM,Owens,FOM07,1296,CACO,,,8
7/9/2015,10:30 AM,Owens,FOM07,1296,CLFU,,,39
7/9/2015,10:30 AM,Owens,FOM07,1296,COCA,,,91
7/9/2015,10:30 AM,Owens,FOM07,1296,COGI,,,4
7/9/2015,10:30 AM,Owens,FOM07,1296,ETFL,,,11
7/9/2015,10:30 AM,Owens,FOM07,1296,RHAT,,,143
7/9/2015,10:30 AM,Owens,FOM07,1296,RHCA,,,14
7/9/2015,10:30 AM,Owens,FOM07,1296,SAFO,230,132.5,
7/9/2015,10:30 AM,Owens,FOM07,1296,SAFO,223,112.6,
7/9/2015,10:30 AM,Owens,FOM07,1296,SAFO,65,3.6,
7/9/2015,10:30 AM,Owens,FOM07,1296,SATR,70,3.5,
7/9/2015,10:30 AM,Owens,FOM07,1296,SATR,70,3.4,
7/9/2015,10:30 AM,Owens,FOM07,1296,SATR,65,3,
7/9/2015,10:30 AM,Owens,FOM07,1296,SATR,65,2.6,
7/9/2015,10:30 AM,Owens,FOM07,1296,SATR,65,2.6,
7/9/2015,10:30 AM,Owens,FOM07,1296,SATR,64,2.5,
7/9/2015,10:30 AM,Owens,FOM07,1296,SEAT,,,10
7/9/2015,11:45 AM,Owens,FOM08,2230,CACO,,,1
7/9/2015,11:45 AM,Owens,FOM08,2230,CLFU,,,48
7/9/2015,11:45 AM,Owens,FOM08,2230,COCA,,,145
7/9/2015,11:45 AM,Owens,FOM08,2230,COGI,,,5
7/9/2015,11:45 AM,Owens,FOM08,2230,ETFL,,,19
7/9/2015,11:45 AM,Owens,FOM08,2230,RHAT,,,204
7/9/2015,11:45 AM,Owens,FOM08,2230,RHCA,,,25
7/9/2015,11:45 AM,Owens,FOM08,2230,SAFO,229,128.3,
7/9/2015,11:45 AM,Owens,FOM08,2230,SAFO,185,81.9,
7/9/2015,11:45 AM,Owens,FOM08,2230,SAFO,193,75,
7/9/2015,11:45 AM,Owens,FOM08,2230,SAFO,190,73.7,
7/9/2015,11:45 AM,Owens,FOM08,2230,SAFO,66,3.3,
7/9/2015,11:45 AM,Owens,FOM08,2230,SAFO,61,2.9,
7/9/2015,11:45 AM,Owens,FOM08,2230,SAFO,61,2.8,
7/9/2015,11:45 AM,Owens,FOM08,2230,SAFO,66,3,
7/9/2015,11:45 AM,Owens,FOM08,2230,SAFO,64,2.9,
7/9/2015,11:45 AM,Owens,FOM08,2230,SAFO,62,2.5,
7/9/2015,11:45 AM,Owens,FOM08,2230,SAFO,60,1.8,
7/9/2015,11:45 AM,Owens,FOM08,2230,SATR,70,3.2,
7/9/2015,11:45 AM,Owens,FOM08,2230,SATR,67,2.5,
7/9/2015,11:45 AM,Owens,FOM08,2230,SATR,62,2.3,
7/9/2015,11:45 AM,Owens,FOM08,2230,SATR,62,2.3,
7/9/2015,11:45 AM,Owens,FOM08,2230,SEAT,,,10
7/9/2015,1:30 PM,Owens,FOM09,1539,CLFU,,,20
7/9/2015,1:30 PM,Owens,FOM09,1539,COCA,,,108
7/9/2015,1:30 PM,Owens,FOM09,1539,COGI,,,4
7/9/2015,1:30 PM,Owens,FOM09,1539,ETFL,,,6
7/9/2015,1:30 PM,Owens,FOM09,1539,RHAT,,,104
7/9/2015,1:30 PM,Owens,FOM09,1539,RHCA,,,16
7/9/2015,1:30 PM,Owens,FOM09,1539,SAFO,221,123,
7/9/2015,1:30 PM,Owens,FOM09,1539,SAFO,220,121.9,
7/9/2015,1:30 PM,Owens,FOM09,1539,SAFO,213,96.2,
7/9/2015,1:30 PM,Owens,FOM09,1539,SAFO,190,84,
7/9/2015,1:30 PM,Owens,FOM09,1539,SAFO,185,67.4,
7/9/2015,1:30 PM,Owens,FOM09,1539,SAFO,178,58.1,
7/9/2015,1:30 PM,Owens,FOM09,1539,SAFO,164,45,
7/9/2015,1:30 PM,Owens,FOM09,1539,SAFO,63,3.4,
7/9/2015,1:30 PM,Owens,FOM09,1539,SAFO,70,3.7,
7/9/2015,1:30 PM,Owens,FOM09,1539,SAFO,73,3.8,
7/9/2015,1:30 PM,Owens,FOM09,1539,SAFO,65,3.1,
7/9/2015,1:30 PM,Owens,FOM09,1539,SAFO,68,3.1,
7/9/2015,1:30 PM,Owens,FOM09,1539,SEAT,,,4
7/9/2015,3:15 PM,Owens,FOM10,1914,CLFU,,,14
7/9/2015,3:15 PM,Owens,FOM10,1914,COCA,,,158
7/9/2015,3:15 PM,Owens,FOM10,1914,COGI,,,11
7/9/2015,3:15 PM,Owens,FOM10,1914,ETFL,,,13
7/9/2015,3:15 PM,Owens,FOM10,1914,RHAT,,,198
7/9/2015,3:15 PM,Owens,FOM10,1914,RHCA,,,19
7/9/2015,3:15 PM,Owens,FOM10,1914,SAFO,225,132.2,
7/9/2015,3:15 PM,Owens,FOM10,1914,SAFO,195,91,
7/9/2015,3:15 PM,Owens,FOM10,1914,SAFO,184,71.3,
7/9/2015,3:15 PM,Owens,FOM10,1914,SAFO,195,73.2,
7/9/2015,3:15 PM,Owens,FOM10,1914,SAFO,185,64.2,
7/9/2015,3:15 PM,Owens,FOM10,1914,SAFO,165,44.1,
7/9/2015,3:15 PM,Owens,FOM10,1914,SAFO,135,25.7,
7/9/2015,3:15 PM,Owens,FOM10,1914,SAFO,75,4.2,
7/9/2015,3:15 PM,Owens,FOM10,1914,SAFO,70,3.7,
7/9/2015,3:15 PM,Owens,FOM10,1914,SAFO,67,3.3,
7/9/2015,3:15 PM,Owens,FOM10,1914,SAFO,66,3.2,
7/9/2015,3:15 PM,Owens,FOM10,1914,SAFO,64,2.8,
7/9/2015,3:15 PM,Owens,FOM10,1914,SAFO,60,2.4,
7/9/2015,3:15 PM,Owens,FOM10,1914,SAFO,64,2.5,
7/9/2015,3:15 PM,Owens,FOM10,1914,SAFO,64,2.5,
7/9/2015,3:15 PM,Owens,FOM10,1914,SAFO,55,1.9,
7/9/2015,3:15 PM,Owens,FOM10,1914,SEAT,,,7
7/10/2015,11:00 AM,Owens,FOM11,1800,CLFU,,,6
7/10/2015,11:00 AM,Owens,FOM11,1800,COCA,,,119
7/10/2015,11:00 AM,Owens,FOM11,1800,ETFL,,,2
7/10/2015,11:00 AM,Owens,FOM11,1800,RHAT,,,110
7/10/2015,11:00 AM,Owens,FOM11,1800,RHCA,,,23
7/10/2015,11:00 AM,Owens,FOM11,1800,SAFO,187,75,
7/10/2015,11:00 AM,Owens,FOM11,1800,SAFO,194,73.3,
7/10/2015,11:00 AM,Owens,FOM11,1800,SAFO,171,49.5,
7/10/2015,11:00 AM,Owens,FOM11,1800,SAFO,159,40.3,
7/10/2015,11:00 AM,Owens,FOM11,1800,SAFO,72,3.7,
7/10/2015,11:00 AM,Owens,FOM11,1800,SAFO,63,2.5,
7/10/2015,11:00 AM,Owens,FOM11,1800,SAFO,60,2.3,
7/10/2015,11:00 AM,Owens,FOM11,1800,SAFO,54,1.6,
7/10/2015,11:00 AM,Owens,FOM11,1800,SAFO,53,1.5,
7/10/2015,11:00 AM,Owens,FOM11,1800,SEAT,,,3
7/10/2015,12:00 PM,Owens,FOM12,2052,CLFU,,,25
7/10/2015,12:00 PM,Owens,FOM12,2052,COCA,,,191
7/10/2015,12:00 PM,Owens,FOM12,2052,COGI,,,1
7/10/2015,12:00 PM,Owens,FOM12,2052,ETFL,,,12
7/10/2015,12:00 PM,Owens,FOM12,2052,RHAT,,,285
7/10/2015,12:00 PM,Owens,FOM12,2052,RHCA,,,21
7/10/2015,12:00 PM,Owens,FOM12,2052,SAFO,195,74.5,
7/10/2015,12:00 PM,Owens,FOM12,2052,SAFO,180,59.7,
7/10/2015,12:00 PM,Owens,FOM12,2052,SAFO,183,59.9,
7/10/2015,12:00 PM,Owens,FOM12,2052,SAFO,155,42.2,
7/10/2015,12:00 PM,Owens,FOM12,2052,SAFO,156,38.6,
7/10/2015,12:00 PM,Owens,FOM12,2052,SAFO,154,38.1,
7/10/2015,12:00 PM,Owens,FOM12,2052,SAFO,122,16.8,
7/10/2015,12:00 PM,Owens,FOM12,2052,SAFO,80,5.8,
7/10/2015,12:00 PM,Owens,FOM12,2052,SAFO,75,5,
7/10/2015,12:00 PM,Owens,FOM12,2052,SAFO,66,3.4,
7/10/2015,12:00 PM,Owens,FOM12,2052,SAFO,68,2.9,
7/10/2015,12:00 PM,Owens,FOM12,2052,SAFO,64,2.4,
7/10/2015,12:00 PM,Owens,FOM12,2052,SAFO,62,2.3,
7/10/2015,12:00 PM,Owens,FOM12,2052,SAFO,60,2.2,
7/10/2015,12:00 PM,Owens,FOM12,2052,SEAT,,,12
7/10/2015,3:00 PM,Owens,FOM13,1732,CACO,,,4
7/10/2015,3:00 PM,Owens,FOM13,1732,CLFU,,,27
7/10/2015,3:00 PM,Owens,FOM13,1732,COCA,,,101
7/10/2015,3:00 PM,Owens,FOM13,1732,COGI,,,1
7/10/2015,3:00 PM,Owens,FOM13,1732,ETFL,,,2
7/10/2015,3:00 PM,Owens,FOM13,1732,RHAT,,,83
7/10/2015,3:00 PM,Owens,FOM13,1732,RHCA,,,14
7/10/2015,3:00 PM,Owens,FOM13,1732,SAFO,219,115.5,
7/10/2015,3:00 PM,Owens,FOM13,1732,SAFO,226,118.6,
7/10/2015,3:00 PM,Owens,FOM13,1732,SAFO,198,83.5,
7/10/2015,3:00 PM,Owens,FOM13,1732,SAFO,186,76.4,
7/10/2015,3:00 PM,Owens,FOM13,1732,SAFO,190,77.6,
7/10/2015,3:00 PM,Owens,FOM13,1732,SAFO,191,72.3,
7/10/2015,3:00 PM,Owens,FOM13,1732,SAFO,178,61.7,
7/10/2015,3:00 PM,Owens,FOM13,1732,SAFO,165,46.1,
7/10/2015,3:00 PM,Owens,FOM13,1732,SAFO,160,40.4,
7/10/2015,3:00 PM,Owens,FOM13,1732,SAFO,154,35.6,
7/10/2015,3:00 PM,Owens,FOM13,1732,SAFO,150,32.5,
7/10/2015,3:00 PM,Owens,FOM13,1732,SAFO,135,26.5,
7/10/2015,3:00 PM,Owens,FOM13,1732,SAFO,141,25.4,
7/10/2015,3:00 PM,Owens,FOM13,1732,SAFO,130,20.3,
7/10/2015,3:00 PM,Owens,FOM13,1732,SAFO,119,15.5,
7/10/2015,3:00 PM,Owens,FOM13,1732,SAFO,85,7.3,
7/10/2015,3:00 PM,Owens,FOM13,1732,SAFO,82,5.4,
7/10/2015,3:00 PM,Owens,FOM13,1732,SAFO,75,4,
7/10/2015,3:00 PM,Owens,FOM13,1732,SAFO,65,3,
7/10/2015,3:00 PM,Owens,FOM13,1732,SAFO,68,3.1,
7/10/2015,3:00 PM,Owens,FOM13,1732,SAFO,67,3,
7/10/2015,3:00 PM,Owens,FOM13,1732,SAFO,63,2.5,
7/10/2015,3:00 PM,Owens,FOM13,1732,SEAT,,,7
7/16/2015,10:00 AM,Owens,FOM14,2093,CACO,,,13
7/16/2015,10:00 AM,Owens,FOM14,2093,CLFU,,,13
7/16/2015,10:00 AM,Owens,FOM14,2093,COCA,,,107
7/16/2015,10:00 AM,Owens,FOM14,2093,COGI,,,1
7/16/2015,10:00 AM,Owens,FOM14,2093,ETFL,,,8
7/16/2015,10:00 AM,Owens,FOM14,2093,RHAT,,,227
7/16/2015,10:00 AM,Owens,FOM14,2093,RHCA,,,15
7/16/2015,10:00 AM,Owens,FOM14,2093,SAFO,229,147.7,
7/16/2015,10:00 AM,Owens,FOM14,2093,SAFO,195,95,
7/16/2015,10:00 AM,Owens,FOM14,2093,SAFO,195,80.7,
7/16/2015,10:00 AM,Owens,FOM14,2093,SAFO,195,76.8,
7/16/2015,10:00 AM,Owens,FOM14,2093,SAFO,185,72.5,
7/16/2015,10:00 AM,Owens,FOM14,2093,SAFO,190,72.1,
7/16/2015,10:00 AM,Owens,FOM14,2093,SAFO,193,72.8,
7/16/2015,10:00 AM,Owens,FOM14,2093,SAFO,165,49.5,
7/16/2015,10:00 AM,Owens,FOM14,2093,SAFO,155,38.3,
7/16/2015,10:00 AM,Owens,FOM14,2093,SAFO,155,36.8,
7/16/2015,10:00 AM,Owens,FOM14,2093,SAFO,132,24.1,
7/16/2015,10:00 AM,Owens,FOM14,2093,SAFO,75,3.8,
7/16/2015,10:00 AM,Owens,FOM14,2093,SAFO,66,3,
7/16/2015,10:00 AM,Owens,FOM14,2093,SAFO,66,3,
7/16/2015,10:00 AM,Owens,FOM14,2093,SAFO,66,2.7,
7/16/2015,10:00 AM,Owens,FOM14,2093,SAFO,64,2.6,
7/16/2015,10:00 AM,Owens,FOM14,2093,SAFO,57,1.7,
7/16/2015,10:00 AM,Owens,FOM14,2093,SATR,237,135,
7/16/2015,10:00 AM,Owens,FOM14,2093,SEAT,,,10
7/13/2015,1:15 PM,Owens,FOM15,587,COCA,,,30
7/13/2015,1:15 PM,Owens,FOM15,587,RHAT,,,45
7/13/2015,1:15 PM,Owens,FOM15,587,RHCA,,,2
7/13/2015,1:15 PM,Owens,FOM15,587,SAFO,69,3.7,
7/13/2015,2:00 PM,Owens,FOM16,938,COCA,,,40
7/13/2015,2:00 PM,Owens,FOM16,938,ETFL,,,2
7/13/2015,2:00 PM,Owens,FOM16,938,RHAT,,,192
7/13/2015,2:00 PM,Owens,FOM16,938,SEAT,,,12
7/13/2015,10:30 AM,Owens,FOM17,759,COCA,,,41
7/13/2015,10:30 AM,Owens,FOM17,759,ETFL,,,1
7/13/2015,2:45 PM,Owens,FOM17,759,RHAT,,,59
7/15/2015,1:15 PM,Owens,FOM18,1019,COCA,,,68
7/15/2015,1:15 PM,Owens,FOM18,1019,COGI,,,1
7/15/2015,1:15 PM,Owens,FOM18,1019,RHAT,,,88
7/15/2015,1:15 PM,Owens,FOM18,1019,SEAT,,,7
7/15/2015,2:25 PM,Owens,FOM19,595,COCA,,,10
7/15/2015,2:25 PM,Owens,FOM19,595,RHAT,,,24
7/16/2015,11:00 AM,Owens,FOM21,2025,CACO,,,2
7/16/2015,11:00 AM,Owens,FOM21,2025,CLFU,,,2
7/16/2015,11:00 AM,Owens,FOM21,2025,COCA,,,174
7/16/2015,11:00 AM,Owens,FOM21,2025,ETFL,,,14
7/16/2015,11:00 AM,Owens,FOM21,2025,RHAT,,,251
7/16/2015,11:00 AM,Owens,FOM21,2025,RHCA,,,21
7/16/2015,11:00 AM,Owens,FOM21,2025,SAFO,220,116.7,
7/16/2015,11:00 AM,Owens,FOM21,2025,SAFO,183,71.4,
7/16/2015,11:00 AM,Owens,FOM21,2025,SAFO,184,64,
7/16/2015,11:00 AM,Owens,FOM21,2025,SAFO,159,42.7,
7/16/2015,11:00 AM,Owens,FOM21,2025,SAFO,156,39.5,
7/16/2015,11:00 AM,Owens,FOM21,2025,SAFO,154,37.9,
7/16/2015,11:00 AM,Owens,FOM21,2025,SAFO,148,33,
7/16/2015,11:00 AM,Owens,FOM21,2025,SAFO,139,23.8,
7/16/2015,11:00 AM,Owens,FOM21,2025,SAFO,91,8.6,
7/16/2015,11:00 AM,Owens,FOM21,2025,SAFO,83,6.4,
7/16/2015,11:00 AM,Owens,FOM21,2025,SAFO,83,6.3,
7/16/2015,11:00 AM,Owens,FOM21,2025,SAFO,83,6,
7/16/2015,11:00 AM,Owens,FOM21,2025,SAFO,79,5.5,
7/16/2015,11:00 AM,Owens,FOM21,2025,SAFO,85,5.9,
7/16/2015,11:00 AM,Owens,FOM21,2025,SAFO,80,4.8,
7/16/2015,11:00 AM,Owens,FOM21,2025,SAFO,76,4.4,
7/16/2015,11:00 AM,Owens,FOM21,2025,SAFO,76,4,
7/16/2015,11:00 AM,Owens,FOM21,2025,SAFO,71,3.7,
7/16/2015,11:00 AM,Owens,FOM21,2025,SAFO,65,3.3,
7/16/2015,11:00 AM,Owens,FOM21,2025,SAFO,69,3.5,
7/16/2015,11:00 AM,Owens,FOM21,2025,SAFO,75,3.8,
7/16/2015,11:00 AM,Owens,FOM21,2025,SAFO,75,3.7,
7/16/2015,11:00 AM,Owens,FOM21,2025,SAFO,67,3.3,
7/16/2015,11:00 AM,Owens,FOM21,2025,SAFO,65,3,
7/16/2015,11:00 AM,Owens,FOM21,2025,SAFO,69,3,
7/16/2015,11:00 AM,Owens,FOM21,2025,SAFO,66,2.7,
7/16/2015,11:00 AM,Owens,FOM21,2025,SAFO,60,2.4,
7/16/2015,11:00 AM,Owens,FOM21,2025,SAFO,65,2.5,
7/16/2015,11:00 AM,Owens,FOM21,2025,SAFO,65,2.5,
7/16/2015,11:00 AM,Owens,FOM21,2025,SAFO,65,2.4,
7/16/2015,11:00 AM,Owens,FOM21,2025,SAFO,59,2.1,
7/16/2015,11:00 AM,Owens,FOM21,2025,SAFO,62,2.1,
7/16/2015,11:00 AM,Owens,FOM21,2025,SAFO,60,2,
7/16/2015,11:00 AM,Owens,FOM21,2025,SAFO,54,1.4,
7/16/2015,11:00 AM,Owens,FOM21,2025,SAFO,43,1,
7/16/2015,11:00 AM,Owens,FOM21,2025,SEAT,,,5
7/16/2015,1:30 PM,Owens,FOM22,1737,CACO,,,1
7/16/2015,1:30 PM,Owens,FOM22,1737,CLFU,,,6
7/16/2015,1:30 PM,Owens,FOM22,1737,COCA,,,130
7/16/2015,1:30 PM,Owens,FOM22,1737,ETFL,,,9
7/16/2015,1:30 PM,Owens,FOM22,1737,RHAT,,,202
7/16/2015,1:30 PM,Owens,FOM22,1737,RHCA,,,19
7/16/2015,1:30 PM,Owens,FOM22,1737,SAFO,212,107.8,
7/16/2015,1:30 PM,Owens,FOM22,1737,SAFO,216,102.5,
7/16/2015,1:30 PM,Owens,FOM22,1737,SAFO,206,92.7,
7/16/2015,1:30 PM,Owens,FOM22,1737,SAFO,185,64.2,
7/16/2015,1:30 PM,Owens,FOM22,1737,SAFO,157,37.3,
7/16/2015,1:30 PM,Owens,FOM22,1737,SAFO,135,24.2,
7/16/2015,1:30 PM,Owens,FOM22,1737,SAFO,80,5.1,
7/16/2015,1:30 PM,Owens,FOM22,1737,SAFO,79,4.9,
7/16/2015,1:30 PM,Owens,FOM22,1737,SAFO,81,5,
7/16/2015,1:30 PM,Owens,FOM22,1737,SAFO,70,4.1,
7/16/2015,1:30 PM,Owens,FOM22,1737,SAFO,79,4.6,
7/16/2015,1:30 PM,Owens,FOM22,1737,SAFO,77,4.3,
7/16/2015,1:30 PM,Owens,FOM22,1737,SAFO,74,4.1,
7/16/2015,1:30 PM,Owens,FOM22,1737,SAFO,64,3.5,
7/16/2015,1:30 PM,Owens,FOM22,1737,SAFO,71,3.8,
7/16/2015,1:30 PM,Owens,FOM22,1737,SAFO,72,3.7,
7/16/2015,1:30 PM,Owens,FOM22,1737,SAFO,71,3.5,
7/16/2015,1:30 PM,Owens,FOM22,1737,SAFO,75,3.6,
7/16/2015,1:30 PM,Owens,FOM22,1737,SAFO,65,3.1,
7/16/2015,1:30 PM,Owens,FOM22,1737,SAFO,69,3.2,
7/16/2015,1:30 PM,Owens,FOM22,1737,SAFO,65,2.8,
7/16/2015,1:30 PM,Owens,FOM22,1737,SAFO,65,2.8,
7/16/2015,1:30 PM,Owens,FOM22,1737,SAFO,66,2.8,
7/16/2015,1:30 PM,Owens,FOM22,1737,SAFO,67,2.8,
7/16/2015,1:30 PM,Owens,FOM22,1737,SAFO,67,2.8,
7/16/2015,1:30 PM,Owens,FOM22,1737,SAFO,65,2.7,
7/16/2015,1:30 PM,Owens,FOM22,1737,SAFO,65,2.5,
7/16/2015,1:30 PM,Owens,FOM22,1737,SAFO,65,2.5,
7/16/2015,1:30 PM,Owens,FOM22,1737,SAFO,64,2.4,
7/16/2015,1:30 PM,Owens,FOM22,1737,SAFO,57,2.1,
7/16/2015,1:30 PM,Owens,FOM22,1737,SAFO,55,2,
7/16/2015,1:30 PM,Owens,FOM22,1737,SEAT,,,2
7/16/2015,3:00 PM,Owens,FOM23,1519,CLFU,,,3
7/16/2015,3:00 PM,Owens,FOM23,1519,COCA,,,105
7/16/2015,3:00 PM,Owens,FOM23,1519,ETFL,,,12
7/16/2015,3:00 PM,Owens,FOM23,1519,RHAT,,,198
7/16/2015,3:00 PM,Owens,FOM23,1519,RHCA,,,18
7/16/2015,3:00 PM,Owens,FOM23,1519,SAFO,251,154.2,
7/16/2015,3:00 PM,Owens,FOM23,1519,SAFO,212,96.6,
7/16/2015,3:00 PM,Owens,FOM23,1519,SAFO,179,70.8,
7/16/2015,3:00 PM,Owens,FOM23,1519,SAFO,172,45.6,
7/16/2015,3:00 PM,Owens,FOM23,1519,SAFO,158,41.7,
7/16/2015,3:00 PM,Owens,FOM23,1519,SAFO,164,42,
7/16/2015,3:00 PM,Owens,FOM23,1519,SAFO,162,38.6,
7/16/2015,3:00 PM,Owens,FOM23,1519,SAFO,129,18.5,
7/16/2015,3:00 PM,Owens,FOM23,1519,SAFO,87,6.1,
7/16/2015,3:00 PM,Owens,FOM23,1519,SAFO,80,4.8,
7/16/2015,3:00 PM,Owens,FOM23,1519,SAFO,81,4.6,
7/16/2015,3:00 PM,Owens,FOM23,1519,SAFO,76,4,
7/16/2015,3:00 PM,Owens,FOM23,1519,SAFO,72,3.6,
7/16/2015,3:00 PM,Owens,FOM23,1519,SAFO,70,3.4,
7/16/2015,3:00 PM,Owens,FOM23,1519,SAFO,67,3.2,
7/16/2015,3:00 PM,Owens,FOM23,1519,SAFO,72,3.4,
7/16/2015,3:00 PM,Owens,FOM23,1519,SAFO,71,3.3,
7/16/2015,3:00 PM,Owens,FOM23,1519,SAFO,67,3,
7/16/2015,3:00 PM,Owens,FOM23,1519,SAFO,70,3.1,
7/16/2015,3:00 PM,Owens,FOM23,1519,SAFO,66,2.9,
7/16/2015,3:00 PM,Owens,FOM23,1519,SAFO,65,2.8,
7/16/2015,3:00 PM,Owens,FOM23,1519,SAFO,66,2.8,
7/16/2015,3:00 PM,Owens,FOM23,1519,SAFO,66,2.7,
7/16/2015,3:00 PM,Owens,FOM23,1519,SAFO,65,2.6,
7/16/2015,3:00 PM,Owens,FOM23,1519,SAFO,65,2.5,
7/16/2015,3:00 PM,Owens,FOM23,1519,SAFO,58,2.2,
7/16/2015,3:00 PM,Owens,FOM23,1519,SAFO,61,2.3,
7/16/2015,3:00 PM,Owens,FOM23,1519,SAFO,64,2.4,
7/16/2015,3:00 PM,Owens,FOM23,1519,SAFO,64,2.3,
7/16/2015,3:00 PM,Owens,FOM23,1519,SAFO,57,2,
7/16/2015,3:00 PM,Owens,FOM23,1519,SAFO,63,2.2,
7/16/2015,3:00 PM,Owens,FOM23,1519,SAFO,59,2,
7/16/2015,3:00 PM,Owens,FOM23,1519,SAFO,60,2,
7/16/2015,3:00 PM,Owens,FOM23,1519,SAFO,58,1.9,
7/16/2015,3:00 PM,Owens,FOM23,1519,SAFO,57,1.7,
7/16/2015,3:00 PM,Owens,FOM23,1519,SAFO,56,1.6,
7/16/2015,3:00 PM,Owens,FOM23,1519,SAFO,53,1.4,
7/16/2015,3:00 PM,Owens,FOM23,1519,SEAT,,,5
7/17/2015,10:00 AM,Owens,FOM24,1766,CACO,,,1
7/17/2015,10:00 AM,Owens,FOM24,1766,CLFU,,,3
7/17/2015,10:00 AM,Owens,FOM24,1766,COCA,,,112
7/17/2015,10:00 AM,Owens,FOM24,1766,ETFL,,,1
7/17/2015,10:00 AM,Owens,FOM24,1766,RHAT,,,154
7/17/2015,10:00 AM,Owens,FOM24,1766,RHCA,,,18
7/17/2015,10:00 AM,Owens,FOM24,1766,SAFO,211,105.5,
7/17/2015,10:00 AM,Owens,FOM24,1766,SAFO,194,88,
7/17/2015,10:00 AM,Owens,FOM24,1766,SAFO,172,60.7,
7/17/2015,10:00 AM,Owens,FOM24,1766,SAFO,160,44.6,
7/17/2015,10:00 AM,Owens,FOM24,1766,SAFO,168,46.2,
7/17/2015,10:00 AM,Owens,FOM24,1766,SAFO,159,41.2,
7/17/2015,10:00 AM,Owens,FOM24,1766,SAFO,158,36,
7/17/2015,10:00 AM,Owens,FOM24,1766,SAFO,155,34.4,
7/17/2015,10:00 AM,Owens,FOM24,1766,SAFO,147,31.2,
7/17/2015,10:00 AM,Owens,FOM24,1766,SAFO,147,30.2,
7/17/2015,10:00 AM,Owens,FOM24,1766,SAFO,146,29.4,
7/17/2015,10:00 AM,Owens,FOM24,1766,SAFO,146,28.2,
7/17/2015,10:00 AM,Owens,FOM24,1766,SAFO,140,26.8,
7/17/2015,10:00 AM,Owens,FOM24,1766,SAFO,144,26.7,
7/17/2015,10:00 AM,Owens,FOM24,1766,SAFO,143,25.6,
7/17/2015,10:00 AM,Owens,FOM24,1766,SAFO,137,24.3,
7/17/2015,10:00 AM,Owens,FOM24,1766,SAFO,138,24.1,
7/17/2015,10:00 AM,Owens,FOM24,1766,SAFO,133,22.6,
7/17/2015,10:00 AM,Owens,FOM24,1766,SAFO,128,21.6,
7/17/2015,10:00 AM,Owens,FOM24,1766,SAFO,125,19.7,
7/17/2015,10:00 AM,Owens,FOM24,1766,SAFO,123,19.3,
7/17/2015,10:00 AM,Owens,FOM24,1766,SAFO,130,19.8,
7/17/2015,10:00 AM,Owens,FOM24,1766,SAFO,114,14.1,
7/17/2015,10:00 AM,Owens,FOM24,1766,SAFO,110,11.6,
7/17/2015,10:00 AM,Owens,FOM24,1766,SAFO,81,4.9,
7/17/2015,10:00 AM,Owens,FOM24,1766,SAFO,78,4.5,
7/17/2015,10:00 AM,Owens,FOM24,1766,SAFO,77,4.3,
7/17/2015,10:00 AM,Owens,FOM24,1766,SAFO,71,3.8,
7/17/2015,10:00 AM,Owens,FOM24,1766,SAFO,72,3.8,
7/17/2015,10:00 AM,Owens,FOM24,1766,SAFO,72,3.7,
7/17/2015,10:00 AM,Owens,FOM24,1766,SAFO,71,3.5,
7/17/2015,10:00 AM,Owens,FOM24,1766,SAFO,70,3.4,
7/17/2015,10:00 AM,Owens,FOM24,1766,SAFO,70,3.4,
7/17/2015,10:00 AM,Owens,FOM24,1766,SAFO,63,3,
7/17/2015,10:00 AM,Owens,FOM24,1766,SAFO,71,3.3,
7/17/2015,10:00 AM,Owens,FOM24,1766,SAFO,67,3.1,
7/17/2015,10:00 AM,Owens,FOM24,1766,SAFO,68,3.1,
7/17/2015,10:00 AM,Owens,FOM24,1766,SAFO,68,3.1,
7/17/2015,10:00 AM,Owens,FOM24,1766,SAFO,71,3.2,
7/17/2015,10:00 AM,Owens,FOM24,1766,SAFO,65,2.9,
7/17/2015,10:00 AM,Owens,FOM24,1766,SAFO,68,3,
7/17/2015,10:00 AM,Owens,FOM24,1766,SAFO,66,2.9,
7/17/2015,10:00 AM,Owens,FOM24,1766,SAFO,66,2.9,
7/17/2015,10:00 AM,Owens,FOM24,1766,SAFO,65,2.8,
7/17/2015,10:00 AM,Owens,FOM24,1766,SAFO,68,2.9,
7/17/2015,10:00 AM,Owens,FOM24,1766,SAFO,69,2.9,
7/17/2015,10:00 AM,Owens,FOM24,1766,SAFO,69,2.9,
7/17/2015,10:00 AM,Owens,FOM24,1766,SAFO,65,2.6,
7/17/2015,10:00 AM,Owens,FOM24,1766,SAFO,60,2.4,
7/17/2015,10:00 AM,Owens,FOM24,1766,SAFO,65,2.5,
7/17/2015,10:00 AM,Owens,FOM24,1766,SAFO,66,2.5,
7/17/2015,10:00 AM,Owens,FOM24,1766,SAFO,64,2.4,
7/17/2015,10:00 AM,Owens,FOM24,1766,SAFO,57,2.1,
7/17/2015,10:00 AM,Owens,FOM24,1766,SAFO,57,2,
7/17/2015,10:00 AM,Owens,FOM24,1766,SAFO,64,2.2,
7/17/2015,10:00 AM,Owens,FOM24,1766,SAFO,57,1.9,
7/17/2015,10:00 AM,Owens,FOM24,1766,SAFO,55,1.8,
7/17/2015,10:00 AM,Owens,FOM24,1766,SAFO,59,1.9,
7/17/2015,10:00 AM,Owens,FOM24,1766,SAFO,57,1.8,
7/17/2015,10:00 AM,Owens,FOM24,1766,SAFO,55,1.6,
7/17/2015,10:00 AM,Owens,FOM24,1766,SAFO,53,1.3,
7/17/2015,10:00 AM,Owens,FOM24,1766,SAFO,49,1.1,
7/17/2015,10:00 AM,Owens,FOM24,1766,SEAT,,,4
7/17/2015,11:00 AM,Owens,FOM25,2206,CLFU,,,1
7/17/2015,11:00 AM,Owens,FOM25,2206,COCA,,,173
7/17/2015,11:00 AM,Owens,FOM25,2206,ETFL,,,12
7/17/2015,11:00 AM,Owens,FOM25,2206,RHAT,,,224
7/17/2015,11:00 AM,Owens,FOM25,2206,RHCA,,,8
7/17/2015,11:00 AM,Owens,FOM25,2206,SAFO,165,44.4,
7/17/2015,11:00 AM,Owens,FOM25,2206,SAFO,160,40,
7/17/2015,11:00 AM,Owens,FOM25,2206,SAFO,147,32.6,
7/17/2015,11:00 AM,Owens,FOM25,2206,SAFO,147,31.5,
7/17/2015,11:00 AM,Owens,FOM25,2206,SAFO,147,30.1,
7/17/2015,11:00 AM,Owens,FOM25,2206,SAFO,122,16.4,
7/17/2015,11:00 AM,Owens,FOM25,2206,SAFO,79,5.1,
7/17/2015,11:00 AM,Owens,FOM25,2206,SAFO,77,4.5,
7/17/2015,11:00 AM,Owens,FOM25,2206,SAFO,79,4.6,
7/17/2015,11:00 AM,Owens,FOM25,2206,SAFO,80,4.6,
7/17/2015,11:00 AM,Owens,FOM25,2206,SAFO,72,3.9,
7/17/2015,11:00 AM,Owens,FOM25,2206,SAFO,76,4.1,
7/17/2015,11:00 AM,Owens,FOM25,2206,SAFO,75,4,
7/17/2015,11:00 AM,Owens,FOM25,2206,SAFO,72,3.8,
7/17/2015,11:00 AM,Owens,FOM25,2206,SAFO,72,3.8,
7/17/2015,11:00 AM,Owens,FOM25,2206,SAFO,75,3.9,
7/17/2015,11:00 AM,Owens,FOM25,2206,SAFO,74,3.8,
7/17/2015,11:00 AM,Owens,FOM25,2206,SAFO,72,3.6,
7/17/2015,11:00 AM,Owens,FOM25,2206,SAFO,73,3.6,
7/17/2015,11:00 AM,Owens,FOM25,2206,SAFO,71,3.5,
7/17/2015,11:00 AM,Owens,FOM25,2206,SAFO,70,3.4,
7/17/2015,11:00 AM,Owens,FOM25,2206,SAFO,71,3.4,
7/17/2015,11:00 AM,Owens,FOM25,2206,SAFO,67,3,
7/17/2015,11:00 AM,Owens,FOM25,2206,SAFO,70,3.1,
7/17/2015,11:00 AM,Owens,FOM25,2206,SAFO,68,3,
7/17/2015,11:00 AM,Owens,FOM25,2206,SAFO,64,2.8,
7/17/2015,11:00 AM,Owens,FOM25,2206,SAFO,63,2.6,
7/17/2015,11:00 AM,Owens,FOM25,2206,SAFO,61,2.5,
7/17/2015,11:00 AM,Owens,FOM25,2206,SAFO,65,2.6,
7/17/2015,11:00 AM,Owens,FOM25,2206,SAFO,62,2.4,
7/17/2015,11:00 AM,Owens,FOM25,2206,SAFO,65,2.5,
7/17/2015,11:00 AM,Owens,FOM25,2206,SAFO,63,2.4,
7/17/2015,11:00 AM,Owens,FOM25,2206,SAFO,56,2.1,
7/17/2015,11:00 AM,Owens,FOM25,2206,SAFO,57,2.1,
7/17/2015,11:00 AM,Owens,FOM25,2206,SAFO,60,2.2,
7/17/2015,11:00 AM,Owens,FOM25,2206,SAFO,64,2.3,
7/17/2015,11:00 AM,Owens,FOM25,2206,SAFO,70,2.5,
7/17/2015,11:00 AM,Owens,FOM25,2206,SAFO,62,2.2,
7/17/2015,11:00 AM,Owens,FOM25,2206,SAFO,62,2.2,
7/17/2015,11:00 AM,Owens,FOM25,2206,SAFO,60,2.1,
7/17/2015,11:00 AM,Owens,FOM25,2206,SAFO,60,2.1,
7/17/2015,11:00 AM,Owens,FOM25,2206,SAFO,60,2.1,
7/17/2015,11:00 AM,Owens,FOM25,2206,SAFO,64,2.2,
7/17/2015,11:00 AM,Owens,FOM25,2206,SAFO,60,2,
7/17/2015,11:00 AM,Owens,FOM25,2206,SAFO,60,2,
7/17/2015,11:00 AM,Owens,FOM25,2206,SAFO,55,1.8,
7/17/2015,11:00 AM,Owens,FOM25,2206,SAFO,62,2,
7/17/2015,11:00 AM,Owens,FOM25,2206,SAFO,60,1.9,
7/17/2015,11:00 AM,Owens,FOM25,2206,SAFO,59,1.8,
7/17/2015,11:00 AM,Owens,FOM25,2206,SAFO,57,1.7,
7/17/2015,11:00 AM,Owens,FOM25,2206,SAFO,54,1.5,
7/17/2015,11:00 AM,Owens,FOM25,2206,SAFO,54,1.4,
7/17/2015,11:00 AM,Owens,FOM25,2206,SAFO,54,1.4,
7/17/2015,11:00 AM,Owens,FOM25,2206,SAFO,55,1.4,
7/17/2015,11:00 AM,Owens,FOM25,2206,SAFO,55,1.4,
7/17/2015,11:00 AM,Owens,FOM25,2206,SAFO,51,1.2,
7/17/2015,11:00 AM,Owens,FOM25,2206,SAFO,50,1.1,
7/17/2015,11:00 AM,Owens,FOM25,2206,SAFO,57,1.2,
7/17/2015,11:00 AM,Owens,FOM25,2206,SAFO,48,1,
7/17/2015,11:00 AM,Owens,FOM25,2206,SEAT,,,3
7/17/2015,1:30 PM,Owens,FOM26,1558,CACO,,,1
7/17/2015,1:30 PM,Owens,FOM26,1558,CLFU,,,1
7/17/2015,1:30 PM,Owens,FOM26,1558,COCA,,,114
7/17/2015,1:30 PM,Owens,FOM26,1558,ETFL,,,8
7/17/2015,1:30 PM,Owens,FOM26,1558,RHAT,,,194
7/17/2015,1:30 PM,Owens,FOM26,1558,RHCA,,,11
7/17/2015,1:30 PM,Owens,FOM26,1558,SAFO,196,77.1,
7/17/2015,1:30 PM,Owens,FOM26,1558,SAFO,185,64.8,
7/17/2015,1:30 PM,Owens,FOM26,1558,SAFO,177,60.8,
7/17/2015,1:30 PM,Owens,FOM26,1558,SAFO,166,47.2,
7/17/2015,1:30 PM,Owens,FOM26,1558,SAFO,159,39.2,
7/17/2015,1:30 PM,Owens,FOM26,1558,SAFO,151,36.3,
7/17/2015,1:30 PM,Owens,FOM26,1558,SAFO,156,37.3,
7/17/2015,1:30 PM,Owens,FOM26,1558,SAFO,147,32.7,
7/17/2015,1:30 PM,Owens,FOM26,1558,SAFO,150,32.8,
7/17/2015,1:30 PM,Owens,FOM26,1558,SAFO,153,32.6,
7/17/2015,1:30 PM,Owens,FOM26,1558,SAFO,146,30.6,
7/17/2015,1:30 PM,Owens,FOM26,1558,SAFO,153,31.4,
7/17/2015,1:30 PM,Owens,FOM26,1558,SAFO,145,29.4,
7/17/2015,1:30 PM,Owens,FOM26,1558,SAFO,145,28.5,
7/17/2015,1:30 PM,Owens,FOM26,1558,SAFO,141,25.9,
7/17/2015,1:30 PM,Owens,FOM26,1558,SAFO,143,26.2,
7/17/2015,1:30 PM,Owens,FOM26,1558,SAFO,140,25.1,
7/17/2015,1:30 PM,Owens,FOM26,1558,SAFO,135,23,
7/17/2015,1:30 PM,Owens,FOM26,1558,SAFO,135,22.4,
7/17/2015,1:30 PM,Owens,FOM26,1558,SAFO,130,21.2,
7/17/2015,1:30 PM,Owens,FOM26,1558,SAFO,135,21.9,
7/17/2015,1:30 PM,Owens,FOM26,1558,SAFO,126,19.1,
7/17/2015,1:30 PM,Owens,FOM26,1558,SAFO,132,20,
7/17/2015,1:30 PM,Owens,FOM26,1558,SAFO,127,19.2,
7/17/2015,1:30 PM,Owens,FOM26,1558,SAFO,125,17,
7/17/2015,1:30 PM,Owens,FOM26,1558,SAFO,119,15.2,
7/17/2015,1:30 PM,Owens,FOM26,1558,SAFO,118,15,
7/17/2015,1:30 PM,Owens,FOM26,1558,SAFO,81,5.6,
7/17/2015,1:30 PM,Owens,FOM26,1558,SAFO,81,5.2,
7/17/2015,1:30 PM,Owens,FOM26,1558,SAFO,80,4.9,
7/17/2015,1:30 PM,Owens,FOM26,1558,SAFO,76,4.5,
7/17/2015,1:30 PM,Owens,FOM26,1558,SAFO,76,4,
7/17/2015,1:30 PM,Owens,FOM26,1558,SAFO,70,3.5,
7/17/2015,1:30 PM,Owens,FOM26,1558,SAFO,67,3.3,
7/17/2015,1:30 PM,Owens,FOM26,1558,SAFO,70,3.4,
7/17/2015,1:30 PM,Owens,FOM26,1558,SAFO,70,3.3,
7/17/2015,1:30 PM,Owens,FOM26,1558,SAFO,70,3.3,
7/17/2015,1:30 PM,Owens,FOM26,1558,SAFO,69,3.2,
7/17/2015,1:30 PM,Owens,FOM26,1558,SAFO,68,3,
7/17/2015,1:30 PM,Owens,FOM26,1558,SAFO,67,2.9,
7/17/2015,1:30 PM,Owens,FOM26,1558,SAFO,71,3,
7/17/2015,1:30 PM,Owens,FOM26,1558,SAFO,61,2.5,
7/17/2015,1:30 PM,Owens,FOM26,1558,SAFO,66,2.7,
7/17/2015,1:30 PM,Owens,FOM26,1558,SAFO,67,2.7,
7/17/2015,1:30 PM,Owens,FOM26,1558,SAFO,61,2.3,
7/17/2015,1:30 PM,Owens,FOM26,1558,SAFO,61,2.2,
7/17/2015,1:30 PM,Owens,FOM26,1558,SAFO,56,2,
7/17/2015,1:30 PM,Owens,FOM26,1558,SAFO,62,2.2,
7/17/2015,1:30 PM,Owens,FOM26,1558,SAFO,60,2.1,
7/17/2015,1:30 PM,Owens,FOM26,1558,SAFO,63,2.2,
7/17/2015,1:30 PM,Owens,FOM26,1558,SAFO,66,2.3,
7/17/2015,1:30 PM,Owens,FOM26,1558,SAFO,61,2.1,
7/17/2015,1:30 PM,Owens,FOM26,1558,SAFO,56,1.9,
7/17/2015,1:30 PM,Owens,FOM26,1558,SAFO,61,2,
7/17/2015,1:30 PM,Owens,FOM26,1558,SAFO,66,2.1,
7/17/2015,1:30 PM,Owens,FOM26,1558,SAFO,59,1.8,
7/17/2015,1:30 PM,Owens,FOM26,1558,SAFO,60,1.8,
7/17/2015,1:30 PM,Owens,FOM26,1558,SAFO,60,1.8,
7/17/2015,1:30 PM,Owens,FOM26,1558,SAFO,63,1.7,
7/17/2015,1:30 PM,Owens,FOM26,1558,SAFO,52,1.4,
7/17/2015,1:30 PM,Owens,FOM26,1558,SAFO,57,1.5,
7/17/2015,1:30 PM,Owens,FOM26,1558,SAFO,59,1.2,
7/17/2015,1:30 PM,Owens,FOM26,1558,SAFO,50,1,
7/17/2015,1:30 PM,Owens,FOM26,1558,SEAT,,,4
7/17/2015,2:30 PM,Owens,FOM27,1600,CLFU,,,7
7/17/2015,2:30 PM,Owens,FOM27,1600,COCA,,,171
7/17/2015,2:30 PM,Owens,FOM27,1600,ETFL,,,45
7/17/2015,2:30 PM,Owens,FOM27,1600,RHAT,,,293
7/17/2015,2:30 PM,Owens,FOM27,1600,RHCA,,,16
7/17/2015,2:30 PM,Owens,FOM27,1600,SAFO,220,110.4,
7/17/2015,2:30 PM,Owens,FOM27,1600,SAFO,164,47.1,
7/17/2015,2:30 PM,Owens,FOM27,1600,SAFO,165,45.1,
7/17/2015,2:30 PM,Owens,FOM27,1600,SAFO,158,40.9,
7/17/2015,2:30 PM,Owens,FOM27,1600,SAFO,141,33.6,
7/17/2015,2:30 PM,Owens,FOM27,1600,SAFO,145,33.5,
7/17/2015,2:30 PM,Owens,FOM27,1600,SAFO,155,33.1,
7/17/2015,2:30 PM,Owens,FOM27,1600,SAFO,146,31.1,
7/17/2015,2:30 PM,Owens,FOM27,1600,SAFO,150,30.5,
7/17/2015,2:30 PM,Owens,FOM27,1600,SAFO,144,28.1,
7/17/2015,2:30 PM,Owens,FOM27,1600,SAFO,136,25.4,
7/17/2015,2:30 PM,Owens,FOM27,1600,SAFO,142,26.2,
7/17/2015,2:30 PM,Owens,FOM27,1600,SAFO,145,25.9,
7/17/2015,2:30 PM,Owens,FOM27,1600,SAFO,136,23.7,
7/17/2015,2:30 PM,Owens,FOM27,1600,SAFO,130,22.2,
7/17/2015,2:30 PM,Owens,FOM27,1600,SAFO,127,21.3,
7/17/2015,2:30 PM,Owens,FOM27,1600,SAFO,135,22.1,
7/17/2015,2:30 PM,Owens,FOM27,1600,SAFO,128,19.2,
7/17/2015,2:30 PM,Owens,FOM27,1600,SAFO,130,18.8,
7/17/2015,2:30 PM,Owens,FOM27,1600,SAFO,121,16.6,
7/17/2015,2:30 PM,Owens,FOM27,1600,SAFO,117,14.4,
7/17/2015,2:30 PM,Owens,FOM27,1600,SAFO,104,12.6,
7/17/2015,2:30 PM,Owens,FOM27,1600,SAFO,120,13.9,
7/17/2015,2:30 PM,Owens,FOM27,1600,SAFO,93,8.8,
7/17/2015,2:30 PM,Owens,FOM27,1600,SAFO,87,6.4,
7/17/2015,2:30 PM,Owens,FOM27,1600,SAFO,85,6.1,
7/17/2015,2:30 PM,Owens,FOM27,1600,SAFO,78,5.3,
7/17/2015,2:30 PM,Owens,FOM27,1600,SAFO,80,5,
7/17/2015,2:30 PM,Owens,FOM27,1600,SAFO,80,4.8,
7/17/2015,2:30 PM,Owens,FOM27,1600,SAFO,75,4.3,
7/17/2015,2:30 PM,Owens,FOM27,1600,SAFO,76,4.2,
7/17/2015,2:30 PM,Owens,FOM27,1600,SAFO,74,4,
7/17/2015,2:30 PM,Owens,FOM27,1600,SAFO,72,3.7,
7/17/2015,2:30 PM,Owens,FOM27,1600,SAFO,72,3.6,
7/17/2015,2:30 PM,Owens,FOM27,1600,SAFO,70,3.5,
7/17/2015,2:30 PM,Owens,FOM27,1600,SAFO,70,3.5,
7/17/2015,2:30 PM,Owens,FOM27,1600,SAFO,75,3.7,
7/17/2015,2:30 PM,Owens,FOM27,1600,SAFO,75,3.7,
7/17/2015,2:30 PM,Owens,FOM27,1600,SAFO,71,3.5,
7/17/2015,2:30 PM,Owens,FOM27,1600,SAFO,65,3.2,
7/17/2015,2:30 PM,Owens,FOM27,1600,SAFO,71,3.4,
7/17/2015,2:30 PM,Owens,FOM27,1600,SAFO,71,3.3,
7/17/2015,2:30 PM,Owens,FOM27,1600,SAFO,67,3.1,
7/17/2015,2:30 PM,Owens,FOM27,1600,SAFO,69,3.1,
7/17/2015,2:30 PM,Owens,FOM27,1600,SAFO,65,2.9,
7/17/2015,2:30 PM,Owens,FOM27,1600,SAFO,70,3.1,
7/17/2015,2:30 PM,Owens,FOM27,1600,SAFO,68,3,
7/17/2015,2:30 PM,Owens,FOM27,1600,SAFO,71,3.1,
7/17/2015,2:30 PM,Owens,FOM27,1600,SAFO,70,3,
7/17/2015,2:30 PM,Owens,FOM27,1600,SAFO,68,2.9,
7/17/2015,2:30 PM,Owens,FOM27,1600,SAFO,69,2.9,
7/17/2015,2:30 PM,Owens,FOM27,1600,SAFO,68,2.8,
7/17/2015,2:30 PM,Owens,FOM27,1600,SAFO,66,2.7,
7/17/2015,2:30 PM,Owens,FOM27,1600,SAFO,65,2.6,
7/17/2015,2:30 PM,Owens,FOM27,1600,SAFO,67,2.6,
7/17/2015,2:30 PM,Owens,FOM27,1600,SAFO,60,2.3,
7/17/2015,2:30 PM,Owens,FOM27,1600,SAFO,64,2.4,
7/17/2015,2:30 PM,Owens,FOM27,1600,SAFO,67,2.5,
7/17/2015,2:30 PM,Owens,FOM27,1600,SAFO,60,2.2,
7/17/2015,2:30 PM,Owens,FOM27,1600,SAFO,63,2.3,
7/17/2015,2:30 PM,Owens,FOM27,1600,SAFO,63,2.3,
7/17/2015,2:30 PM,Owens,FOM27,1600,SAFO,58,2.1,
7/17/2015,2:30 PM,Owens,FOM27,1600,SAFO,64,2.3,
7/17/2015,2:30 PM,Owens,FOM27,1600,SAFO,56,2,
7/17/2015,2:30 PM,Owens,FOM27,1600,SAFO,62,2.2,
7/17/2015,2:30 PM,Owens,FOM27,1600,SAFO,60,2.1,
7/17/2015,2:30 PM,Owens,FOM27,1600,SAFO,64,2.2,
7/17/2015,2:30 PM,Owens,FOM27,1600,SAFO,60,2,
7/17/2015,2:30 PM,Owens,FOM27,1600,SAFO,60,1.9,
7/17/2015,2:30 PM,Owens,FOM27,1600,SAFO,57,1.8,
7/17/2015,2:30 PM,Owens,FOM27,1600,SAFO,57,1.8,
7/17/2015,2:30 PM,Owens,FOM27,1600,SAFO,58,1.8,
7/17/2015,2:30 PM,Owens,FOM27,1600,SAFO,65,2,
7/17/2015,2:30 PM,Owens,FOM27,1600,SAFO,56,1.7,
7/17/2015,2:30 PM,Owens,FOM27,1600,SAFO,60,1.8,
7/17/2015,2:30 PM,Owens,FOM27,1600,SAFO,57,1.7,
7/17/2015,2:30 PM,Owens,FOM27,1600,SAFO,57,1.7,
7/17/2015,2:30 PM,Owens,FOM27,1600,SAFO,53,1.5,
7/17/2015,2:30 PM,Owens,FOM27,1600,SAFO,52,1.3,
7/17/2015,2:30 PM,Owens,FOM27,1600,SAFO,53,1.3,
7/17/2015,2:30 PM,Owens,FOM27,1600,SAFO,46,0.9,
7/17/2015,2:30 PM,Owens,FOM27,1600,SAFO,,,
7/17/2015,2:30 PM,Owens,FOM27,1600,SATR,54,1.4,
7/17/2015,2:30 PM,Owens,FOM27,1600,SATR,,,
7/17/2015,2:30 PM,Owens,FOM27,1600,SEAT,,,10
7/20/2015,10:00 AM,Owens,FOM28,1536,CLFU,,,17
7/20/2015,10:00 AM,Owens,FOM28,1536,COCA,,,141
7/20/2015,10:00 AM,Owens,FOM28,1536,ETFL,,,9
7/20/2015,10:00 AM,Owens,FOM28,1536,RHAT,,,141
7/20/2015,10:00 AM,Owens,FOM28,1536,RHCA,,,7
7/20/2015,10:00 AM,Owens,FOM28,1536,SAFO,161,58.3,
7/20/2015,10:00 AM,Owens,FOM28,1536,SAFO,164,45.1,
7/20/2015,10:00 AM,Owens,FOM28,1536,SAFO,145,32.8,
7/20/2015,10:00 AM,Owens,FOM28,1536,SAFO,154,33.1,
7/20/2015,10:00 AM,Owens,FOM28,1536,SAFO,148,31.2,
7/20/2015,10:00 AM,Owens,FOM28,1536,SAFO,150,31.5,
7/20/2015,10:00 AM,Owens,FOM28,1536,SAFO,132,24,
7/20/2015,10:00 AM,Owens,FOM28,1536,SAFO,134,24.2,
7/20/2015,10:00 AM,Owens,FOM28,1536,SAFO,131,19.7,
7/20/2015,10:00 AM,Owens,FOM28,1536,SAFO,121,17,
7/20/2015,10:00 AM,Owens,FOM28,1536,SAFO,115,15.1,
7/20/2015,10:00 AM,Owens,FOM28,1536,SAFO,117,14.8,
7/20/2015,10:00 AM,Owens,FOM28,1536,SAFO,117,14.7,
7/20/2015,10:00 AM,Owens,FOM28,1536,SAFO,71,4.2,
7/20/2015,10:00 AM,Owens,FOM28,1536,SAFO,70,3.5,
7/20/2015,10:00 AM,Owens,FOM28,1536,SAFO,69,3.4,
7/20/2015,10:00 AM,Owens,FOM28,1536,SAFO,67,2.9,
7/20/2015,10:00 AM,Owens,FOM28,1536,SAFO,67,2.8,
7/20/2015,10:00 AM,Owens,FOM28,1536,SAFO,68,2.8,
7/20/2015,10:00 AM,Owens,FOM28,1536,SAFO,70,2.7,
7/20/2015,10:00 AM,Owens,FOM28,1536,SAFO,61,2.2,
7/20/2015,10:00 AM,Owens,FOM28,1536,SAFO,60,2,
7/20/2015,10:00 AM,Owens,FOM28,1536,SAFO,57,1.7,
7/20/2015,10:00 AM,Owens,FOM28,1536,SEAT,,,14
7/20/2015,11:00 AM,Owens,FOM29,2484,CACO,,,1
7/20/2015,11:00 AM,Owens,FOM29,2484,CLFU,,,2
7/20/2015,11:00 AM,Owens,FOM29,2484,COCA,,,190
7/20/2015,11:00 AM,Owens,FOM29,2484,COGI,,,1
7/20/2015,11:00 AM,Owens,FOM29,2484,ETFL,,,20
7/20/2015,11:00 AM,Owens,FOM29,2484,RHAT,,,147
7/20/2015,11:00 AM,Owens,FOM29,2484,RHCA,,,11
7/20/2015,11:00 AM,Owens,FOM29,2484,SAFO,239,147.7,
7/20/2015,11:00 AM,Owens,FOM29,2484,SAFO,190,76.5,
7/20/2015,11:00 AM,Owens,FOM29,2484,SAFO,177,56.8,
7/20/2015,11:00 AM,Owens,FOM29,2484,SAFO,162,41.8,
7/20/2015,11:00 AM,Owens,FOM29,2484,SAFO,158,39.6,
7/20/2015,11:00 AM,Owens,FOM29,2484,SAFO,147,31.8,
7/20/2015,11:00 AM,Owens,FOM29,2484,SAFO,140,26,
7/20/2015,11:00 AM,Owens,FOM29,2484,SAFO,133,23.4,
7/20/2015,11:00 AM,Owens,FOM29,2484,SAFO,130,22.6,
7/20/2015,11:00 AM,Owens,FOM29,2484,SAFO,131,21.6,
7/20/2015,11:00 AM,Owens,FOM29,2484,SAFO,104,13.1,
7/20/2015,11:00 AM,Owens,FOM29,2484,SAFO,76,5,
7/20/2015,11:00 AM,Owens,FOM29,2484,SAFO,77,4.4,
7/20/2015,11:00 AM,Owens,FOM29,2484,SAFO,70,3.7,
7/20/2015,11:00 AM,Owens,FOM29,2484,SAFO,70,3.5,
7/20/2015,11:00 AM,Owens,FOM29,2484,SAFO,63,3.1,
7/20/2015,11:00 AM,Owens,FOM29,2484,SAFO,71,3.4,
7/20/2015,11:00 AM,Owens,FOM29,2484,SAFO,68,3.2,
7/20/2015,11:00 AM,Owens,FOM29,2484,SAFO,68,3.2,
7/20/2015,11:00 AM,Owens,FOM29,2484,SAFO,71,3.3,
7/20/2015,11:00 AM,Owens,FOM29,2484,SAFO,63,2.8,
7/20/2015,11:00 AM,Owens,FOM29,2484,SAFO,68,3,
7/20/2015,11:00 AM,Owens,FOM29,2484,SAFO,65,2.7,
7/20/2015,11:00 AM,Owens,FOM29,2484,SAFO,61,2.4,
7/20/2015,11:00 AM,Owens,FOM29,2484,SAFO,64,2.5,
7/20/2015,11:00 AM,Owens,FOM29,2484,SAFO,65,2.5,
7/20/2015,11:00 AM,Owens,FOM29,2484,SAFO,63,2.4,
7/20/2015,11:00 AM,Owens,FOM29,2484,SAFO,60,2.1,
7/20/2015,11:00 AM,Owens,FOM29,2484,SAFO,57,1.8,
7/20/2015,11:00 AM,Owens,FOM29,2484,SATR,176,50.4,
7/20/2015,11:00 AM,Owens,FOM29,2484,SEAT,,,2
7/20/2015,1:30 PM,Owens,FOM30,2038,CLFU,,,8
7/20/2015,1:30 PM,Owens,FOM30,2038,COCA,,,199
7/20/2015,1:30 PM,Owens,FOM30,2038,COGI,,,3
7/20/2015,1:30 PM,Owens,FOM30,2038,ETFL,,,12
7/20/2015,1:30 PM,Owens,FOM30,2038,RHAT,,,184
7/20/2015,1:30 PM,Owens,FOM30,2038,RHCA,,,12
7/20/2015,1:30 PM,Owens,FOM30,2038,SAFO,190,72.2,
7/20/2015,1:30 PM,Owens,FOM30,2038,SAFO,164,44.2,
7/20/2015,1:30 PM,Owens,FOM30,2038,SAFO,159,41,
7/20/2015,1:30 PM,Owens,FOM30,2038,SAFO,157,36.1,
7/20/2015,1:30 PM,Owens,FOM30,2038,SAFO,150,32.6,
7/20/2015,1:30 PM,Owens,FOM30,2038,SAFO,151,32.7,
7/20/2015,1:30 PM,Owens,FOM30,2038,SAFO,70,3.9,
7/20/2015,1:30 PM,Owens,FOM30,2038,SAFO,74,4.1,
7/20/2015,1:30 PM,Owens,FOM30,2038,SAFO,78,4.3,
7/20/2015,1:30 PM,Owens,FOM30,2038,SAFO,65,3.5,
7/20/2015,1:30 PM,Owens,FOM30,2038,SAFO,67,3.3,
7/20/2015,1:30 PM,Owens,FOM30,2038,SAFO,71,3.3,
7/20/2015,1:30 PM,Owens,FOM30,2038,SAFO,66,2.9,
7/20/2015,1:30 PM,Owens,FOM30,2038,SAFO,64,2.6,
7/20/2015,1:30 PM,Owens,FOM30,2038,SAFO,62,2.5,
7/20/2015,1:30 PM,Owens,FOM30,2038,SAFO,67,2.7,
7/20/2015,1:30 PM,Owens,FOM30,2038,SAFO,67,2.7,
7/20/2015,1:30 PM,Owens,FOM30,2038,SAFO,61,2.4,
7/20/2015,1:30 PM,Owens,FOM30,2038,SAFO,65,2.5,
7/20/2015,1:30 PM,Owens,FOM30,2038,SAFO,66,2.5,
7/20/2015,1:30 PM,Owens,FOM30,2038,SAFO,63,2.3,
7/20/2015,1:30 PM,Owens,FOM30,2038,SAFO,60,2.1,
7/20/2015,1:30 PM,Owens,FOM30,2038,SAFO,60,2,
7/20/2015,1:30 PM,Owens,FOM30,2038,SAFO,60,1.8,
7/20/2015,1:30 PM,Owens,FOM30,2038,SATR,174,54,
7/20/2015,1:30 PM,Owens,FOM30,2038,SEAT,,,5
